timestamp,terminal_id,operating_regime,weather_severity_t,vessel_arrival_delay_t,berth_occupancy_t,yard_density_t,truck_travel_time_t,qc_waiting_t,qc_productivity_t,vessel_turnaround_time_t,intervention_type,intervention_node_id,intervention_value,weather_severity_next,vessel_arrival_delay_next,berth_occupancy_next,yard_density_next,truck_travel_time_next,qc_waiting_next,qc_productivity_next,vessel_turnaround_time_next
2026-01-01T00:00:00+00:00,terminal_alpha,normal,-0.097074,-0.517192,0.40707,0.040425,-0.06425,-0.068629,0.166844,-0.008885,decrease_yard_density,yard_density,0.15,-0.100126,-0.467128,0.376156,0.20738,-0.065291,-0.251216,0.214284,-0.009359
2026-01-01T00:15:00+00:00,terminal_alpha,normal,-0.178706,-0.402374,-0.005001,0.194457,-0.051102,-0.032721,0.241204,0.451414,none,,0.0,-0.187171,-0.364574,-0.032602,0.192547,0.00125,-0.159884,0.296946,0.282373
2026-01-01T00:30:00+00:00,terminal_alpha,congested,0.250602,0.035817,0.449375,0.711438,0.642878,0.544972,-0.488157,0.31832,none,,0.0,0.265733,0.044696,0.546069,0.731956,0.801724,0.738737,-0.677179,0.761824
2026-01-01T00:45:00+00:00,terminal_alpha,normal,-0.296041,0.118787,0.002608,0.045237,-0.063895,0.062443,0.383377,-0.072228,none,,0.0,-0.301185,0.103372,0.005567,0.02486,-0.121794,0.08215,0.370541,-0.299974
2026-01-01T01:00:00+00:00,terminal_alpha,weather_disruption,0.687323,-0.032972,0.296274,0.85,0.421747,0.746395,-0.349888,0.566343,none,,0.0,0.589919,-0.013667,0.464162,0.760477,0.789053,0.748407,-0.730309,0.85502
2026-01-01T01:15:00+00:00,terminal_alpha,weather_disruption,0.503906,0.306884,0.262186,0.549012,0.679364,0.069441,-0.847156,0.318056,none,,0.0,0.466561,0.325138,0.269101,0.580283,0.801496,0.477279,-0.765874,0.754428
2026-01-01T01:30:00+00:00,terminal_alpha,normal,-0.228477,0.20722,0.143528,0.041989,0.113796,0.107223,0.352517,-0.12643,none,,0.0,-0.256911,0.205953,0.162911,0.101513,0.107858,0.212162,0.32626,-0.252813
2026-01-01T01:45:00+00:00,terminal_alpha,congested,0.346072,0.04916,0.400068,0.828576,0.608466,0.805883,-0.303296,0.85,none,,0.0,0.32912,0.033243,0.533596,0.753102,0.828826,0.81215,-0.7024,0.912387
2026-01-01T02:00:00+00:00,terminal_alpha,normal,0.244017,-0.318144,-0.441194,0.383604,-0.311727,0.020003,0.147761,-0.158757,none,,0.0,0.261116,-0.286642,-0.403081,0.195318,-0.027794,-0.257406,0.087624,-0.315181
2026-01-01T02:15:00+00:00,terminal_alpha,congested,0.286827,-0.163826,0.450248,0.104367,0.5593,0.663373,-0.213316,0.85,none,,0.0,0.292158,-0.176101,0.588877,0.272596,0.604687,0.731984,-0.597617,0.893063
2026-01-01T02:30:00+00:00,terminal_alpha,normal,-0.02439,-0.248661,0.266579,-0.139406,-0.391415,0.313528,0.00612,0.059541,decrease_berth_occupancy,berth_occupancy,0.12,0.004451,-0.227559,0.348608,-0.011394,-0.453452,0.034933,-0.165687,0.259742
2026-01-01T02:45:00+00:00,terminal_alpha,congested,-0.724431,0.272607,0.575273,0.518698,0.621182,0.558455,-0.30513,0.17361,none,,0.0,-0.632949,0.271206,0.624764,0.642485,0.635541,0.756533,-0.478034,0.516757
2026-01-01T03:00:00+00:00,terminal_alpha,weather_disruption,0.85,0.236768,0.623007,0.540004,0.573188,0.395475,-0.368789,0.790074,none,,0.0,0.682551,0.233323,0.625939,0.659399,0.793607,0.640188,-0.654729,0.905144
2026-01-01T03:15:00+00:00,terminal_alpha,normal,-0.273197,-0.219083,0.181805,0.008735,-0.160361,-0.158814,-0.148932,0.006843,none,,0.0,-0.269577,-0.192313,0.158989,0.106853,-0.187431,-0.319413,0.008803,0.040219
2026-01-01T03:30:00+00:00,terminal_alpha,weather_disruption,0.85,0.85,0.665461,0.543692,0.303072,0.253521,-0.295951,0.583361,none,,0.0,0.680498,0.690096,0.63026,0.684336,0.675504,0.585751,-0.541334,0.846699
2026-01-01T03:45:00+00:00,terminal_alpha,normal,0.033328,0.381872,0.279124,-0.268603,0.020792,-0.388438,-0.302427,0.195035,none,,0.0,0.034479,0.35536,0.13816,-0.168775,-0.123926,-0.25613,-0.057186,0.325284
2026-01-01T04:00:00+00:00,terminal_alpha,congested,0.203173,0.119684,0.440761,0.546146,0.661366,0.273748,-0.098972,0.825003,none,,0.0,0.200937,0.122884,0.45915,0.644991,0.778509,0.588905,-0.295338,0.826294
2026-01-01T04:15:00+00:00,terminal_alpha,congested,0.162318,-0.053187,0.65941,0.450793,0.647014,0.473519,-0.290876,0.85,none,,0.0,0.172635,-0.04913,0.659914,0.612028,0.74592,0.684459,-0.546031,0.897026
2026-01-01T04:30:00+00:00,terminal_alpha,congested,-0.290072,0.006288,0.317462,0.539601,0.587936,0.295626,-0.367654,0.543857,none,,0.0,-0.292289,-0.007352,0.38127,0.59542,0.676287,0.54385,-0.462784,0.711361
2026-01-01T04:45:00+00:00,terminal_alpha,weather_disruption,0.576487,0.299121,0.211126,0.360942,0.426789,0.848346,-0.563811,0.700564,none,,0.0,0.524248,0.275079,0.405261,0.416072,0.655243,0.82241,-0.834687,0.896531
2026-01-01T05:00:00+00:00,terminal_alpha,normal,-0.081255,-0.002169,0.194422,-0.172126,-0.049975,0.183101,0.070144,-0.45667,decrease_yard_density,yard_density,0.15,-0.065859,-0.018332,0.260197,-0.064965,-0.156574,0.166948,-0.000886,-0.37612
2026-01-01T05:15:00+00:00,terminal_alpha,normal,-0.097405,-0.312764,0.542599,-0.077753,-0.160874,0.058897,0.326846,-0.08223,none,,0.0,-0.105999,-0.296066,0.491249,0.13767,-0.23731,-0.129202,0.296546,-0.040248
2026-01-01T05:30:00+00:00,terminal_alpha,congested,0.104928,0.100566,0.742357,0.694248,0.646066,0.803815,-0.571801,0.004372,none,,0.0,0.104221,0.101408,0.749462,0.760355,0.789621,0.832952,-0.793149,0.709676
2026-01-01T05:45:00+00:00,terminal_alpha,congested,-0.262705,0.471627,0.683804,0.774556,0.387336,0.395686,-0.306043,0.293247,none,,0.0,-0.278133,0.425975,0.661988,0.789955,0.663084,0.638588,-0.45975,0.661151
2026-01-01T06:00:00+00:00,terminal_alpha,normal,-0.361044,-0.218345,0.078831,0.495112,-0.076745,0.287565,-0.003985,0.158112,none,,0.0,-0.337106,-0.207302,0.168978,0.476066,0.144591,0.192148,-0.127124,0.215247
2026-01-01T06:15:00+00:00,terminal_alpha,normal,-0.129122,-0.357639,0.258041,0.702162,0.323585,0.160771,-0.098632,0.133657,none,,0.0,-0.110896,-0.344302,0.295878,0.655638,0.596063,0.200954,-0.145315,0.299745
2026-01-01T06:30:00+00:00,terminal_alpha,weather_disruption,0.605406,0.028654,0.488714,0.259972,0.336638,0.51219,-0.42584,0.560292,none,,0.0,0.532618,0.013865,0.55958,0.449098,0.54318,0.601874,-0.693572,0.851913
2026-01-01T06:45:00+00:00,terminal_alpha,congested,0.524271,0.237956,0.333216,0.185931,0.412127,0.825483,-0.307591,-0.009518,none,,0.0,0.464957,0.235306,0.522931,0.316721,0.570343,0.814291,-0.713813,0.582401
2026-01-01T07:00:00+00:00,terminal_alpha,congested,-0.110624,-0.086845,0.679435,0.286843,0.48737,0.569124,-0.160517,0.246906,none,,0.0,-0.104529,-0.088495,0.696814,0.508767,0.544506,0.674322,-0.467056,0.618465
2026-01-01T07:15:00+00:00,terminal_alpha,normal,-0.055315,-0.784513,-0.102617,-0.193768,0.141756,0.323964,0.552785,0.205348,none,,0.0,-0.071632,-0.664864,-0.026192,-0.225579,0.035062,0.136944,0.354886,0.001385
2026-01-01T07:30:00+00:00,terminal_alpha,congested,0.811971,0.267755,0.437148,0.734315,0.330281,0.258162,-0.25712,0.753798,decrease_berth_occupancy,berth_occupancy,0.12,0.668733,0.274423,0.465098,0.736317,0.741714,0.483971,-0.5019,0.85845
2026-01-01T07:45:00+00:00,terminal_alpha,congested,0.504916,0.158028,0.85,0.7945,0.0479,0.655622,-0.589423,0.557471,none,,0.0,0.46108,0.157044,0.774913,0.81945,0.553328,0.610119,-0.801196,0.907615
2026-01-01T08:00:00+00:00,terminal_alpha,normal,-0.098834,0.085305,0.314908,-0.250481,-0.411983,-0.011276,-0.316309,-0.009947,none,,0.0,-0.12042,0.075799,0.291754,-0.109973,-0.530393,-0.225546,-0.282866,0.273189
2026-01-01T08:15:00+00:00,terminal_alpha,normal,-0.577884,-0.079911,0.665641,0.087211,0.281746,0.244225,0.361442,0.281175,none,,0.0,-0.51803,-0.082488,0.622971,0.352753,0.197416,0.341754,0.300287,0.272647
2026-01-01T08:30:00+00:00,terminal_alpha,congested,0.031869,0.327409,0.527122,0.517403,0.177891,0.328972,-0.299485,0.526219,none,,0.0,0.001289,0.328613,0.543208,0.62016,0.463966,0.494867,-0.477589,0.753619
2026-01-01T08:45:00+00:00,terminal_alpha,normal,0.02913,0.099029,0.003461,0.356171,0.202088,-0.027216,0.258749,-0.314028,none,,0.0,0.025183,0.102443,-0.004316,0.369957,0.397197,0.118577,0.245351,-0.424855
2026-01-01T09:00:00+00:00,terminal_alpha,normal,0.366729,-0.191438,0.126193,0.317478,0.144466,-0.310488,0.240475,0.206269,none,,0.0,0.348736,-0.182409,0.040804,0.336108,0.386914,-0.280434,0.343601,0.100774
2026-01-01T09:15:00+00:00,terminal_alpha,normal,-0.089848,-0.181989,0.399825,0.080256,0.077775,-0.167958,0.052117,0.269583,none,,0.0,-0.07853,-0.18272,0.338963,0.246015,0.088411,-0.180557,0.163276,0.270501
2026-01-01T09:30:00+00:00,terminal_alpha,normal,-0.181635,-0.422037,-0.074902,0.03084,-0.636032,0.040481,0.158679,0.192758,none,,0.0,-0.188291,-0.416441,-0.05409,-0.02124,-0.574104,-0.418674,0.149954,0.06372
2026-01-01T09:45:00+00:00,terminal_alpha,normal,-0.184527,-0.154063,-0.271473,0.232866,0.016029,-0.059771,0.387843,-0.294834,none,,0.0,-0.189768,-0.152784,-0.284565,0.082113,0.111579,-0.097322,0.440844,-0.551357
2026-01-01T10:00:00+00:00,terminal_alpha,normal,-0.065416,-0.044327,0.137353,-0.130428,0.085047,0.248196,-0.086794,0.468204,decrease_yard_density,yard_density,0.15,-0.057757,-0.039761,0.171402,-0.07277,-0.020937,0.282401,-0.211334,0.573179
2026-01-01T10:15:00+00:00,terminal_alpha,congested,0.083589,0.246167,0.088425,0.504572,0.330588,0.614579,-0.450623,0.663657,none,,0.0,0.080522,0.253356,0.285613,0.511738,0.576703,0.710119,-0.692215,0.819773
2026-01-01T10:30:00+00:00,terminal_alpha,normal,-0.106934,0.224148,-0.060464,0.153107,-0.274386,-0.267597,0.288677,-0.10108,none,,0.0,-0.117126,0.248469,-0.133554,0.126366,-0.211453,-0.331964,0.432703,-0.372006
2026-01-01T10:45:00+00:00,terminal_alpha,weather_disruption,0.579459,-0.173344,0.30592,0.568977,0.796597,0.579986,-0.135969,0.371284,none,,0.0,0.536083,-0.168573,0.445006,0.57473,0.856235,0.748531,-0.516268,0.708965
2026-01-01T11:00:00+00:00,terminal_alpha,congested,-0.076714,0.239234,0.617715,0.46049,0.215037,0.833525,-0.402508,0.484926,none,,0.0,-0.084512,0.254492,0.700272,0.607283,0.432169,0.765652,-0.70525,0.831845
2026-01-01T11:15:00+00:00,terminal_alpha,congested,0.02575,0.269717,0.495873,0.85,0.246236,0.228376,-0.039694,0.406348,none,,0.0,0.047014,0.275601,0.492569,0.781466,0.63285,0.414816,-0.179416,0.587787
2026-01-01T11:30:00+00:00,terminal_alpha,normal,0.070327,0.193242,-0.07381,-0.001034,-0.027893,-0.296968,0.306358,0.174235,none,,0.0,0.077989,0.189277,-0.142921,-0.017581,0.005786,-0.251382,0.448691,-0.107024
2026-01-01T11:45:00+00:00,terminal_alpha,normal,0.065924,-0.088178,0.066188,0.182706,0.14641,-0.165944,-0.042494,0.206706,none,,0.0,0.073681,-0.091068,0.037644,0.206026,0.234769,-0.123181,0.026398,0.219618
2026-01-01T12:00:00+00:00,terminal_alpha,normal,-0.123884,-0.60987,-0.224995,0.016837,-0.391646,0.207195,0.07735,0.018515,none,,0.0,-0.124191,-0.553991,-0.180624,-0.105744,-0.389542,-0.182993,-0.032364,-0.055052
2026-01-01T12:15:00+00:00,terminal_alpha,congested,0.155151,-0.38931,0.307022,0.455149,0.338133,0.54794,-0.392329,0.534203,none,,0.0,0.172107,-0.352879,0.438328,0.539058,0.58188,0.552989,-0.653254,0.796539
2026-01-01T12:30:00+00:00,terminal_alpha,normal,0.259608,0.27951,-0.13401,-0.191952,-0.151504,-0.014318,0.381878,-0.221794,decrease_berth_occupancy,berth_occupancy,0.12,0.266262,0.243475,-0.119243,-0.244134,-0.195005,-0.015383,0.343506,-0.387118
2026-01-01T12:45:00+00:00,terminal_alpha,normal,-0.540775,-0.299116,-0.196126,0.207912,-0.371267,0.534825,0.1202,0.318818,none,,0.0,-0.50446,-0.287805,-0.036994,0.114441,-0.366073,0.25827,-0.094771,0.265376
2026-01-01T13:00:00+00:00,terminal_alpha,normal,-0.578076,-0.035929,0.016099,0.363222,0.244172,0.257277,-0.031313,0.173544,none,,0.0,-0.509365,-0.016467,0.074104,0.34498,0.309308,0.381416,-0.077312,0.179418
2026-01-01T13:15:00+00:00,terminal_alpha,congested,0.04024,0.259745,0.609309,0.18391,0.692193,0.575973,-0.452633,0.763506,none,,0.0,0.0143,0.246869,0.654906,0.41816,0.666905,0.774828,-0.675332,0.892738
2026-01-01T13:30:00+00:00,terminal_alpha,normal,-0.000857,-0.559156,0.370472,0.587142,0.109922,-0.019035,-0.017716,0.203949,none,,0.0,-0.010609,-0.516414,0.321401,0.632984,0.41852,-0.129139,-0.005795,0.310826
2026-01-01T13:45:00+00:00,terminal_alpha,congested,-0.137583,0.124614,0.488088,0.224175,0.183366,0.369652,-0.473732,0.557024,none,,0.0,-0.142678,0.123217,0.526621,0.371636,0.271532,0.458377,-0.591876,0.785905
2026-01-01T14:00:00+00:00,terminal_alpha,weather_disruption,0.639899,0.50582,0.621906,0.275339,0.72936,0.550322,-0.682749,0.574486,none,,0.0,0.565791,0.481449,0.647376,0.508053,0.783426,0.790026,-0.819293,0.903077
2026-01-01T14:15:00+00:00,terminal_alpha,weather_disruption,0.75476,0.654175,0.391005,0.709692,0.841266,0.487605,-0.457339,0.639872,none,,0.0,0.641921,0.558612,0.481826,0.69045,0.891431,0.81551,-0.727206,0.870044
2026-01-01T14:30:00+00:00,terminal_alpha,congested,0.575276,-0.155082,0.577402,0.403419,0.367491,0.716739,-0.281696,0.593671,none,,0.0,0.524558,-0.145412,0.632556,0.572826,0.628095,0.705564,-0.673476,0.868586
2026-01-01T14:45:00+00:00,terminal_alpha,weather_disruption,0.392279,0.448518,0.425961,0.380972,0.83603,0.392492,-0.596653,0.311015,none,,0.0,0.369501,0.433808,0.470601,0.510676,0.805173,0.751551,-0.718262,0.755489
2026-01-01T15:00:00+00:00,terminal_alpha,congested,0.018989,0.367604,0.85,0.7,0.600103,0.579327,-0.133116,0.245598,decrease_yard_density,yard_density,0.15,0.00445,0.368751,0.771918,0.789509,0.767407,0.764639,-0.471438,0.680811
2026-01-01T15:15:00+00:00,terminal_alpha,normal,-0.396504,-0.262693,0.077364,0.24242,-0.074918,-0.18749,0.317452,0.1814,none,,0.0,-0.385853,-0.266027,0.041492,0.250269,-0.033856,-0.292011,0.46802,-0.097843
2026-01-01T15:30:00+00:00,terminal_alpha,normal,-0.146126,-0.033744,0.173391,0.176921,-0.256711,0.317932,0.199889,0.173339,none,,0.0,-0.153555,-0.031023,0.275096,0.244465,-0.184113,0.16971,0.004578,0.205117
2026-01-01T15:45:00+00:00,terminal_alpha,congested,-0.00748,0.140723,0.542796,0.252412,0.626948,0.20211,-0.257013,0.470609,none,,0.0,-0.012596,0.140783,0.544614,0.456268,0.644069,0.527505,-0.374689,0.684747
2026-01-01T16:00:00+00:00,terminal_alpha,normal,-0.391396,-0.261766,0.183469,-0.246492,0.105621,-0.185624,-0.150014,-0.077747,none,,0.0,-0.383504,-0.252635,0.151589,-0.15799,-0.123669,-0.212026,0.031896,-0.088673
2026-01-01T16:15:00+00:00,terminal_alpha,weather_disruption,0.677412,0.081206,0.832671,0.098428,0.509308,0.673031,-0.623323,0.821522,none,,0.0,0.575412,0.069257,0.755285,0.432467,0.610875,0.747097,-0.818368,0.949276
2026-01-01T16:30:00+00:00,terminal_alpha,normal,-0.020408,0.08302,-0.018929,0.017794,0.149048,0.151973,0.294427,-0.132159,none,,0.0,-0.037768,0.063176,0.015583,0.007385,0.134803,0.249754,0.209264,-0.223741
2026-01-01T16:45:00+00:00,terminal_alpha,congested,0.211012,-0.144717,0.390851,0.609492,0.293999,0.31473,-0.304957,0.267954,none,,0.0,0.20861,-0.146227,0.450751,0.654999,0.603845,0.400788,-0.48073,0.617599
2026-01-01T17:00:00+00:00,terminal_alpha,congested,0.123405,0.000668,-0.02011,0.374407,0.351991,0.384595,-0.70308,0.408377,none,,0.0,0.128096,-0.017432,0.090176,0.322609,0.540835,0.514541,-0.755159,0.739037
2026-01-01T17:15:00+00:00,terminal_alpha,congested,0.293698,0.202993,0.611038,0.500294,0.527413,0.466141,-0.505895,0.442936,none,,0.0,0.266913,0.19885,0.633396,0.639729,0.71409,0.670356,-0.69021,0.816264
2026-01-01T17:30:00+00:00,terminal_alpha,normal,-0.450879,0.326198,-0.195349,-0.039224,0.045077,0.111136,0.078513,0.083017,decrease_berth_occupancy,berth_occupancy,0.12,-0.406308,0.348631,-0.157824,-0.111454,-0.088142,0.251934,0.087852,-0.076691
2026-01-01T17:45:00+00:00,terminal_alpha,normal,-0.744388,0.380463,0.318402,0.235713,-0.21697,-0.369033,0.03433,0.06178,none,,0.0,-0.62588,0.362442,0.229019,0.357196,-0.249838,-0.34336,0.368157,-0.138737
2026-01-01T18:00:00+00:00,terminal_alpha,normal,-0.310351,0.215812,0.324511,0.153399,0.271719,0.068668,0.38152,-0.146923,none,,0.0,-0.303511,0.217127,0.316687,0.271876,0.260803,0.284051,0.368878,-0.268598
2026-01-01T18:15:00+00:00,terminal_alpha,weather_disruption,0.603986,0.343397,0.468283,0.480875,0.830053,0.249881,-0.441905,0.328287,none,,0.0,0.554351,0.305468,0.492941,0.585384,0.846775,0.674639,-0.603401,0.728346
2026-01-01T18:30:00+00:00,terminal_alpha,congested,0.15075,-0.023315,0.222268,0.75971,0.588779,0.600235,-0.476455,0.750301,none,,0.0,0.198099,-0.02181,0.377634,0.685852,0.782867,0.736196,-0.687422,0.866347
2026-01-01T18:45:00+00:00,terminal_alpha,congested,-0.115028,0.002336,0.546183,0.31305,0.279739,0.689868,-0.403167,0.312618,none,,0.0,-0.132875,0.017026,0.61848,0.492291,0.419706,0.691693,-0.667989,0.732562
2026-01-01T19:00:00+00:00,terminal_alpha,congested,-0.075745,0.03007,-0.095612,0.490658,0.409839,0.463497,-0.395254,0.526336,none,,0.0,-0.072838,0.053146,0.035241,0.431723,0.582463,0.605391,-0.58222,0.688456
2026-01-01T19:15:00+00:00,terminal_alpha,normal,-0.460703,-0.017748,0.072839,-0.019589,-0.164077,0.004435,0.210372,0.442806,none,,0.0,-0.431602,-0.021286,0.077096,0.027537,-0.247141,-0.083381,0.262005,0.252457
2026-01-01T19:30:00+00:00,terminal_alpha,weather_disruption,0.42813,0.736618,0.363727,0.233538,0.841521,0.50827,-0.707085,0.605003,none,,0.0,0.385679,0.618917,0.468656,0.334318,0.796865,0.832262,-0.795823,0.878067
2026-01-01T19:45:00+00:00,terminal_alpha,weather_disruption,0.427685,0.142035,0.467535,0.401032,0.543142,0.792001,-0.51471,0.694204,none,,0.0,0.407439,0.143117,0.601298,0.516208,0.70127,0.817613,-0.795932,0.906974
2026-01-01T20:00:00+00:00,terminal_alpha,congested,-0.572935,-0.142052,0.39961,0.296197,0.347149,0.400832,-0.533364,0.34919,decrease_yard_density,yard_density,0.15,-0.538837,-0.112826,0.48717,0.443686,0.362564,0.489297,-0.566659,0.64469
2026-01-01T20:15:00+00:00,terminal_alpha,weather_disruption,0.712317,0.1438,0.264591,0.301603,0.40662,0.182849,-0.36278,0.391839,none,,0.0,0.618971,0.139777,0.307242,0.391897,0.632912,0.420034,-0.538615,0.729282
2026-01-01T20:30:00+00:00,terminal_alpha,normal,-0.311248,-0.192079,-0.184119,-0.250983,-0.349753,-0.02293,-0.0285,0.07589,none,,0.0,-0.32162,-0.203381,-0.175842,-0.307592,-0.532958,-0.255608,0.032601,-0.06606
2026-01-01T20:45:00+00:00,terminal_alpha,normal,0.033586,-0.662622,0.274881,-0.075796,-0.132058,-0.099556,0.317127,0.307383,none,,0.0,0.037195,-0.573297,0.270464,0.037729,-0.182714,-0.34941,0.364184,0.200724
2026-01-01T21:00:00+00:00,terminal_alpha,normal,0.297925,-0.179976,-0.119396,-0.562624,0.157149,0.257127,-0.179316,0.155929,none,,0.0,0.283397,-0.178508,-0.057579,-0.547177,-0.085883,0.273434,-0.38325,0.336595
2026-01-01T21:15:00+00:00,terminal_alpha,congested,-0.102416,0.267482,0.257628,0.112959,0.307733,0.532512,-0.130954,0.655845,none,,0.0,-0.098564,0.22499,0.390728,0.195234,0.324763,0.668206,-0.404425,0.745762
2026-01-01T21:30:00+00:00,terminal_alpha,normal,0.005195,-0.14955,0.035548,-0.213188,0.101108,0.130399,-0.091414,-0.411226,none,,0.0,0.031124,-0.159742,0.07708,-0.208973,-0.033466,0.15321,-0.177069,-0.28488
2026-01-01T21:45:00+00:00,terminal_alpha,weather_disruption,0.522859,0.400169,0.605673,0.658551,0.47766,0.488652,-0.669312,0.758474,none,,0.0,0.480392,0.36216,0.626976,0.721316,0.751101,0.696177,-0.797471,0.922279
2026-01-01T22:00:00+00:00,terminal_alpha,normal,0.039747,-0.1338,0.272835,-0.22242,0.072093,0.148864,0.252433,-0.020466,none,,0.0,0.025836,-0.109075,0.301344,-0.125578,-0.051045,0.151571,0.140881,0.009017
2026-01-01T22:15:00+00:00,terminal_alpha,normal,-0.166098,0.115327,0.06844,-0.058618,0.341436,0.132683,0.118823,-0.349023,none,,0.0,-0.184903,0.089837,0.104226,-0.030664,0.266783,0.354133,0.043278,-0.377193
2026-01-01T22:30:00+00:00,terminal_alpha,normal,-0.055382,-0.042068,-0.253089,-0.109421,0.077704,0.009379,0.316945,-0.133687,decrease_berth_occupancy,berth_occupancy,0.12,-0.057763,-0.057205,-0.229514,-0.198137,0.007836,0.053628,0.328665,-0.355692
2026-01-01T22:45:00+00:00,terminal_alpha,weather_disruption,0.489553,0.172296,0.729027,0.304973,0.161279,0.398814,-0.227789,0.496813,none,,0.0,0.462818,0.174974,0.675364,0.54964,0.426627,0.486116,-0.526006,0.813844
2026-01-01T23:00:00+00:00,terminal_alpha,congested,-0.347859,0.33244,0.451445,0.85,0.426409,0.496107,-0.221854,0.524989,none,,0.0,-0.333017,0.335135,0.520326,0.780986,0.685911,0.66755,-0.422102,0.719884
2026-01-01T23:15:00+00:00,terminal_alpha,weather_disruption,0.554105,0.108535,0.85,0.176447,0.375704,0.621753,-0.545171,0.690507,none,,0.0,0.488615,0.082892,0.768184,0.495664,0.544503,0.705849,-0.775641,0.923389
2026-01-01T23:30:00+00:00,terminal_alpha,normal,-0.47107,-0.366674,-0.074677,0.481581,-0.282662,-0.193778,0.401024,-0.096362,none,,0.0,-0.43192,-0.380648,-0.142522,0.428349,-0.140927,-0.427292,0.541626,-0.471609
2026-01-01T23:45:00+00:00,terminal_alpha,normal,0.004396,-0.112109,0.315529,0.220844,0.337384,-0.093932,0.136326,-0.182768,none,,0.0,0.013608,-0.122223,0.289844,0.335595,0.433252,0.061284,0.180574,-0.1871
2026-01-02T00:00:00+00:00,terminal_alpha,congested,-0.020384,0.28498,0.46274,0.47175,0.628062,0.649262,-0.387275,0.85,none,,0.0,-0.036254,0.299391,0.570451,0.592126,0.712403,0.799581,-0.664682,0.895629
2026-01-02T00:15:00+00:00,terminal_alpha,congested,0.294594,0.040198,0.639446,0.424492,0.367907,0.442256,-0.486373,0.388923,none,,0.0,0.269246,0.038087,0.655441,0.62635,0.586337,0.568371,-0.668914,0.797088
2026-01-02T00:30:00+00:00,terminal_alpha,congested,-0.408858,0.204515,0.841091,0.85,0.445971,0.803462,-0.389299,0.191,none,,0.0,-0.389322,0.216406,0.788659,0.832012,0.686614,0.805826,-0.670638,0.70798
2026-01-02T00:45:00+00:00,terminal_alpha,normal,0.083064,-0.072583,0.064946,0.127218,0.128367,-0.384459,0.350579,0.421508,none,,0.0,0.08316,-0.063385,-0.053812,0.163028,0.206255,-0.32122,0.52451,0.128572
2026-01-02T01:00:00+00:00,terminal_alpha,normal,-0.227015,-0.225137,0.027782,-0.342894,0.237012,-0.060705,0.195778,-0.308947,decrease_yard_density,yard_density,0.15,-0.23163,-0.19863,-0.00246,-0.31587,0.014889,0.001983,0.288332,-0.451546
2026-01-02T01:15:00+00:00,terminal_alpha,normal,-0.16478,-0.220538,0.173686,-0.342273,-0.235061,0.285992,0.124433,0.155202,none,,0.0,-0.138795,-0.241965,0.205862,-0.238257,-0.457266,0.0913,-0.047798,0.175832
2026-01-02T01:30:00+00:00,terminal_alpha,normal,-0.051923,-0.286,-0.463495,0.112351,0.412373,-0.386063,0.262396,0.105143,none,,0.0,-0.079904,-0.264787,-0.514787,-0.08462,0.44932,-0.24016,0.485323,-0.291636
2026-01-02T01:45:00+00:00,terminal_alpha,normal,-0.057299,-0.229381,0.434682,-0.222702,-0.114562,-0.013898,0.059796,-0.106945,none,,0.0,-0.044113,-0.229859,0.37867,-0.022728,-0.227472,-0.152887,0.098771,-0.015858
2026-01-02T02:00:00+00:00,terminal_alpha,congested,-0.102827,0.510193,0.85,0.752952,0.227423,0.675906,-0.588938,0.637581,none,,0.0,-0.110556,0.463414,0.774474,0.792775,0.546322,0.740595,-0.76394,0.898786
2026-01-02T02:15:00+00:00,terminal_alpha,normal,-0.493147,-0.431676,0.062603,0.477733,-0.173777,0.108629,-0.264918,-0.151871,none,,0.0,-0.451093,-0.409932,0.099934,0.466528,-0.015542,-0.116748,-0.219614,-0.063446
2026-01-02T02:30:00+00:00,terminal_alpha,normal,-0.214049,-0.085587,-0.142105,-0.417929,-0.100165,0.01423,-0.012701,0.161472,none,,0.0,-0.222801,-0.106665,-0.159466,-0.436919,-0.385931,-0.067024,-0.004927,0.063901
2026-01-02T02:45:00+00:00,terminal_alpha,congested,0.32398,-0.098994,0.215975,0.581915,0.46798,0.388365,-0.098269,0.105165,none,,0.0,0.300864,-0.099823,0.30079,0.589218,0.707479,0.544908,-0.347339,0.400881
2026-01-02T03:00:00+00:00,terminal_alpha,normal,-0.060114,-0.283328,0.112026,0.220247,0.029868,0.145651,-0.000283,-0.025196,none,,0.0,-0.032458,-0.270512,0.164611,0.250852,0.137849,0.093109,-0.079375,0.032445
2026-01-02T03:15:00+00:00,terminal_alpha,congested,0.068431,0.478755,0.651053,0.415928,0.430132,0.498426,-0.733804,0.477271,none,,0.0,0.062053,0.442596,0.650493,0.600526,0.591892,0.699341,-0.773249,0.853274
2026-01-02T03:30:00+00:00,terminal_alpha,normal,0.103845,0.195895,-0.247141,-0.06022,-0.054454,-0.10385,-0.220187,-0.203236,decrease_berth_occupancy,berth_occupancy,0.12,0.13404,0.183551,-0.277809,-0.152339,-0.072665,-0.086014,-0.189048,-0.178553
2026-01-02T03:45:00+00:00,terminal_alpha,congested,0.329208,0.038785,0.81911,0.616063,0.315953,0.583346,-0.290803,0.54356,none,,0.0,0.306546,0.036102,0.752351,0.748666,0.647155,0.652753,-0.605429,0.854104
2026-01-02T04:00:00+00:00,terminal_alpha,normal,-0.252035,-0.372778,0.118957,0.365823,-0.292003,-0.226858,0.097529,-0.087821,none,,0.0,-0.233814,-0.356331,0.066893,0.396264,-0.134467,-0.476165,0.266233,-0.25964
2026-01-02T04:15:00+00:00,terminal_alpha,congested,-0.035865,0.21004,0.28148,0.85,0.703133,0.261074,-0.769664,0.132697,none,,0.0,-0.032262,0.188205,0.335671,0.751172,0.831318,0.617426,-0.737686,0.619143
2026-01-02T04:30:00+00:00,terminal_alpha,normal,0.044643,0.067635,-0.194317,-0.50084,0.066728,0.337672,-0.083006,-0.135353,none,,0.0,0.046312,0.082769,-0.089414,-0.537814,-0.216941,0.367337,-0.284582,-0.016402
2026-01-02T04:45:00+00:00,terminal_alpha,normal,-0.340487,-0.048911,0.039922,-0.13125,-0.111351,0.120821,0.010725,0.011728,none,,0.0,-0.338947,-0.04076,0.065095,-0.110863,-0.261227,0.03828,-0.016198,-0.013618
2026-01-02T05:00:00+00:00,terminal_alpha,normal,0.061593,-0.297676,0.255554,0.304844,0.134145,0.153459,0.034644,0.140256,none,,0.0,0.067788,-0.311642,0.285029,0.374448,0.288894,0.136334,-0.065301,0.26139
2026-01-02T05:15:00+00:00,terminal_alpha,normal,-0.028921,-0.082905,-0.012479,0.19477,0.385022,-0.453252,0.258218,-0.206059,none,,0.0,-0.016349,-0.067985,-0.144521,0.180974,0.454789,-0.25858,0.494043,-0.459784
2026-01-02T05:30:00+00:00,terminal_alpha,congested,-0.010662,0.293134,0.486721,0.545278,0.383544,0.709273,-0.19728,0.208264,none,,0.0,-0.027729,0.279289,0.593626,0.643016,0.601496,0.7731,-0.542105,0.614619
2026-01-02T05:45:00+00:00,terminal_alpha,congested,0.327215,0.202106,0.626661,0.500536,0.329849,0.546463,-0.129351,0.270547,none,,0.0,0.314202,0.225322,0.650918,0.644829,0.611212,0.662513,-0.484792,0.67316
2026-01-02T06:00:00+00:00,terminal_alpha,normal,-0.35497,-0.39497,0.347875,0.180895,-0.208798,0.197653,0.184755,0.03098,decrease_yard_density,yard_density,0.15,-0.338946,-0.351169,0.392645,0.324276,-0.178699,-0.043953,0.12139,0.044704
2026-01-02T06:15:00+00:00,terminal_alpha,congested,0.22616,0.412963,0.538965,0.429748,0.286203,0.85,-0.469028,0.241183,none,,0.0,0.201722,0.385534,0.661722,0.58862,0.536543,0.807881,-0.771351,0.770635
2026-01-02T06:30:00+00:00,terminal_alpha,normal,0.340599,-0.137994,-0.187771,0.482342,-0.022353,-0.026491,-0.246959,0.228685,none,,0.0,0.342936,-0.132345,-0.175856,0.37878,0.345679,-0.067291,-0.258203,0.322812
2026-01-02T06:45:00+00:00,terminal_alpha,congested,0.313586,0.251119,0.366762,0.6399,0.674046,0.770866,-0.270794,0.541928,none,,0.0,0.311417,0.246694,0.546069,0.657851,0.808324,0.838335,-0.652949,0.816894
2026-01-02T07:00:00+00:00,terminal_alpha,normal,-0.141325,-0.178898,-0.338725,0.056943,0.389312,-0.133326,-0.524361,0.133535,none,,0.0,-0.156792,-0.201651,-0.36519,-0.104065,0.384261,0.031103,-0.385258,0.200406
2026-01-02T07:15:00+00:00,terminal_alpha,congested,-0.014802,0.214675,0.062177,0.594274,0.678065,0.85,-0.166596,0.532024,none,,0.0,-0.040349,0.213602,0.264274,0.541927,0.768224,0.857319,-0.590054,0.734397
2026-01-02T07:30:00+00:00,terminal_alpha,normal,-0.258944,-0.269167,0.336205,-0.276098,-0.110494,0.198716,-0.091595,0.13136,none,,0.0,-0.253076,-0.26779,0.349857,-0.133824,-0.328162,0.061162,-0.187972,0.305479
2026-01-02T07:45:00+00:00,terminal_alpha,normal,0.156184,-0.208828,-0.055583,0.246664,-0.232576,-0.191031,0.030011,-0.201676,none,,0.0,0.175812,-0.192112,-0.140836,0.18877,-0.061766,-0.357626,0.129791,-0.244423
2026-01-02T08:00:00+00:00,terminal_alpha,normal,-0.385708,-0.008066,-0.155229,-0.134474,-0.354008,-0.198904,-0.037734,-0.076787,none,,0.0,-0.344476,-0.006623,-0.202854,-0.194807,-0.46276,-0.388727,0.16475,-0.272191
2026-01-02T08:15:00+00:00,terminal_alpha,normal,-0.041088,-0.397057,0.014957,0.051251,0.110991,-0.049294,0.720401,0.464034,none,,0.0,-0.073986,-0.37591,0.009464,0.062582,0.150561,-0.149155,0.630496,0.090613
2026-01-02T08:30:00+00:00,terminal_alpha,normal,0.352805,0.264068,-0.302421,0.277677,-0.06221,0.045925,0.112329,-0.052673,decrease_berth_occupancy,berth_occupancy,0.12,0.332159,0.268914,-0.289231,0.152691,0.188511,0.082742,0.016069,-0.102134
2026-01-02T08:45:00+00:00,terminal_alpha,weather_disruption,0.502015,0.055525,0.497748,0.85,0.279663,0.76988,-0.137517,0.129662,none,,0.0,0.44775,0.055152,0.603415,0.786896,0.722875,0.740199,-0.609519,0.644898
2026-01-02T09:00:00+00:00,terminal_alpha,congested,-0.178809,0.017547,0.652922,0.584934,0.520944,0.695818,-0.85,0.825975,none,,0.0,-0.2045,0.01772,0.691095,0.694692,0.675128,0.752701,-0.851116,0.935352
2026-01-02T09:15:00+00:00,terminal_alpha,normal,-0.301843,-0.030368,-0.091234,-0.080493,-0.054479,0.096534,0.02968,0.134072,none,,0.0,-0.27088,-0.03766,-0.044817,-0.137937,-0.162625,0.054325,0.055549,0.048101
2026-01-02T09:30:00+00:00,terminal_alpha,normal,0.078691,-0.012628,0.113515,-0.484692,0.083389,-0.027429,0.114701,-0.12576,none,,0.0,0.097646,-0.013172,0.10145,-0.430706,-0.180221,-0.002173,0.136758,-0.135262
2026-01-02T09:45:00+00:00,terminal_alpha,congested,0.053004,0.462184,0.573748,0.590021,0.85,0.574397,-0.158121,0.415429,none,,0.0,0.046764,0.441705,0.625122,0.683622,0.834708,0.827469,-0.482537,0.71186
2026-01-02T10:00:00+00:00,terminal_alpha,congested,-0.039171,-0.120572,0.560377,0.448268,0.720093,0.633569,-0.486464,0.297979,none,,0.0,-0.030011,-0.13076,0.614877,0.577169,0.753405,0.748498,-0.711607,0.749039
2026-01-02T10:15:00+00:00,terminal_alpha,congested,-0.165154,0.007723,0.756454,0.638299,0.340145,0.517778,-0.26622,0.249732,none,,0.0,-0.179001,0.023873,0.729287,0.74829,0.583248,0.602115,-0.505859,0.669972
2026-01-02T10:30:00+00:00,terminal_alpha,weather_disruption,0.640724,0.431144,0.1255,0.363178,0.85,0.462239,-0.356368,0.79051,none,,0.0,0.573368,0.407115,0.241199,0.365304,0.832604,0.78335,-0.633969,0.868871
2026-01-02T10:45:00+00:00,terminal_alpha,congested,-0.174681,-0.24757,0.675144,0.85,0.486498,0.372893,-0.162205,0.802467,none,,0.0,-0.190947,-0.247885,0.660782,0.813336,0.728352,0.508942,-0.358894,0.830544
2026-01-02T11:00:00+00:00,terminal_alpha,congested,-0.190571,0.11706,0.3379,0.537557,0.363819,0.43494,-0.696904,0.541783,decrease_yard_density,yard_density,0.15,-0.195258,0.104041,0.434306,0.599422,0.574506,0.586449,-0.730405,0.807191
2026-01-02T11:15:00+00:00,terminal_alpha,normal,0.093809,-0.208568,0.486836,-0.229676,-0.041628,-0.048333,-0.052957,-0.022336,none,,0.0,0.090356,-0.20347,0.439573,-0.00999,-0.114836,-0.122291,-0.034121,0.157647
2026-01-02T11:30:00+00:00,terminal_alpha,normal,-0.524681,0.004389,-0.226522,0.198339,-0.167111,0.077975,0.213717,-0.364825,none,,0.0,-0.490417,0.009747,-0.194991,0.114672,-0.181112,-0.01401,0.278989,-0.563089
2026-01-02T11:45:00+00:00,terminal_alpha,weather_disruption,0.592094,0.018983,0.552617,0.52001,0.757468,0.30216,-0.605461,0.124638,none,,0.0,0.537409,0.031172,0.556082,0.632455,0.833028,0.634144,-0.709299,0.708172
2026-01-02T12:00:00+00:00,terminal_alpha,congested,0.002174,0.392225,0.185245,0.712768,0.164095,0.672703,-0.238308,0.304413,none,,0.0,0.005447,0.35854,0.343324,0.655359,0.512834,0.714054,-0.554267,0.625493
2026-01-02T12:15:00+00:00,terminal_alpha,normal,0.013084,-0.17142,0.197779,-0.365428,-0.154616,-0.341434,-0.322884,0.256563,none,,0.0,0.00837,-0.147009,0.123919,-0.276153,-0.353886,-0.453768,-0.14925,0.34824
2026-01-02T12:30:00+00:00,terminal_alpha,normal,-0.301464,-0.317138,0.077328,-0.035063,0.026133,-0.221016,0.509582,0.164899,none,,0.0,-0.295124,-0.317775,0.000629,0.008932,-0.072876,-0.292551,0.608637,-0.224259
2026-01-02T12:45:00+00:00,terminal_alpha,normal,-0.563411,-0.316499,-0.329424,-0.044968,-0.098557,0.380372,-0.078054,0.075596,none,,0.0,-0.506209,-0.287713,-0.213271,-0.170983,-0.229389,0.202783,-0.218111,0.010957
2026-01-02T13:00:00+00:00,terminal_alpha,congested,-0.071939,0.002455,0.77593,0.45528,0.298094,0.59229,-0.521698,0.260335,none,,0.0,-0.091861,-0.000238,0.742613,0.659732,0.50117,0.639887,-0.708946,0.757636
2026-01-02T13:15:00+00:00,terminal_alpha,normal,-0.126849,0.108166,-0.267703,0.328286,-0.485593,-0.181825,-0.148216,-0.119509,none,,0.0,-0.132215,0.125438,-0.322573,0.198495,-0.325341,-0.401632,-0.023141,-0.242737
2026-01-02T13:30:00+00:00,terminal_alpha,normal,-0.192987,0.104186,0.237388,-0.306369,0.331905,0.09868,0.364783,0.016179,decrease_berth_occupancy,berth_occupancy,0.12,-0.182156,0.111241,0.276829,-0.213375,0.097678,0.298469,0.343252,-0.077512
2026-01-02T13:45:00+00:00,terminal_alpha,normal,-0.043071,-0.116898,0.038803,0.158991,0.400059,0.121671,-0.007856,-0.095037,none,,0.0,-0.035914,-0.11288,0.089283,0.19349,0.450608,0.305476,-0.050591,-0.024109
2026-01-02T14:00:00+00:00,terminal_alpha,congested,-0.216233,-0.151861,0.16214,0.683682,0.1726,0.648096,-0.532597,0.707836,none,,0.0,-0.204018,-0.148569,0.336538,0.624412,0.446193,0.597195,-0.711074,0.835324
2026-01-02T14:15:00+00:00,terminal_alpha,weather_disruption,0.772485,0.366824,0.49771,0.369726,0.571393,0.210062,-0.228529,0.664822,none,,0.0,0.652602,0.340628,0.487992,0.534541,0.739017,0.557078,-0.462345,0.834077
2026-01-02T14:30:00+00:00,terminal_alpha,congested,0.084109,-0.176984,0.477496,0.568374,0.556541,0.540736,-0.111818,0.673399,none,,0.0,0.064079,-0.174946,0.561309,0.641388,0.729787,0.655399,-0.448143,0.79307
2026-01-02T14:45:00+00:00,terminal_alpha,normal,-0.262843,-0.193436,-0.397017,0.042917,0.243953,-0.150449,0.224832,-0.093787,none,,0.0,-0.268887,-0.171933,-0.404173,-0.110384,0.236023,-0.074303,0.349654,-0.426502
2026-01-02T15:00:00+00:00,terminal_alpha,congested,-0.036827,0.465783,0.757826,0.403816,0.269006,0.582411,-0.238535,0.603306,none,,0.0,-0.028576,0.432462,0.730665,0.624148,0.447014,0.691714,-0.529498,0.827588
2026-01-02T15:15:00+00:00,terminal_alpha,normal,0.020376,-0.00721,0.406836,0.03824,0.016632,-0.317621,0.41034,0.185628,none,,0.0,0.033765,-0.010984,0.306773,0.210779,0.032261,-0.311649,0.560444,0.005759
2026-01-02T15:30:00+00:00,terminal_alpha,normal,-0.465174,-0.361133,0.170055,-0.163314,-0.241053,-0.048988,0.176201,0.329588,none,,0.0,-0.444402,-0.355581,0.160258,-0.09908,-0.40956,-0.288713,0.263717,0.163385
2026-01-02T15:45:00+00:00,terminal_alpha,congested,0.018562,0.029215,0.651769,0.607305,0.420066,0.214305,-0.521644,0.410245,none,,0.0,0.021959,0.066723,0.605104,0.713781,0.640546,0.412154,-0.596572,0.749673
2026-01-02T16:00:00+00:00,terminal_alpha,normal,-0.161079,0.162082,-0.01631,0.128029,-0.128898,0.188402,0.452789,-0.007093,decrease_yard_density,yard_density,0.15,-0.17982,0.18695,0.022918,0.111756,-0.098113,0.177483,0.358221,-0.203461
2026-01-02T16:15:00+00:00,terminal_alpha,weather_disruption,0.600728,0.524185,0.810078,0.119131,0.819809,0.706902,-0.309509,0.44226,none,,0.0,0.538441,0.485226,0.760841,0.443766,0.772256,0.871198,-0.705647,0.846764
2026-01-02T16:30:00+00:00,terminal_alpha,congested,0.255958,-0.050095,0.368151,0.799578,0.83105,0.332841,-0.050956,0.617483,none,,0.0,0.250219,-0.068078,0.413676,0.74204,0.875948,0.643635,-0.30809,0.728421
2026-01-02T16:45:00+00:00,terminal_alpha,congested,0.246302,0.306166,0.682923,0.478035,0.800001,0.275767,-0.226885,0.409281,none,,0.0,0.225441,0.287926,0.645871,0.653305,0.814778,0.643107,-0.406404,0.706861
2026-01-02T17:00:00+00:00,terminal_alpha,congested,0.145921,0.180591,0.769375,0.535951,0.391611,0.414268,-0.323318,0.516666,none,,0.0,0.148138,0.129793,0.708336,0.683153,0.651745,0.601617,-0.531724,0.812599
2026-01-02T17:15:00+00:00,terminal_alpha,congested,-0.099497,0.322043,0.737372,0.638301,0.619155,0.732921,-0.34777,0.252566,none,,0.0,-0.086983,0.331901,0.728075,0.746717,0.748439,0.827238,-0.64783,0.721198
2026-01-02T17:30:00+00:00,terminal_alpha,normal,0.075397,0.214262,0.292766,-0.15512,0.045503,-0.054189,0.114504,0.295608,none,,0.0,0.054415,0.21857,0.276919,-0.046688,-0.009384,0.026335,0.13442,0.285556
2026-01-02T17:45:00+00:00,terminal_alpha,normal,-0.211757,-0.169138,0.423078,-0.376631,0.19256,0.233798,-0.339855,0.108688,none,,0.0,-0.214115,-0.182886,0.437461,-0.185791,-0.058937,0.265529,-0.430866,0.445696
2026-01-02T18:00:00+00:00,terminal_alpha,weather_disruption,0.305292,0.026303,0.20845,0.161886,0.810159,0.271448,0.051634,0.704827,none,,0.0,0.310396,0.036008,0.262408,0.224224,0.758191,0.631424,-0.16336,0.723027
2026-01-02T18:15:00+00:00,terminal_alpha,weather_disruption,0.70316,0.047282,0.466906,0.403629,0.150575,-0.107443,-0.505561,0.139208,none,,0.0,0.583013,0.020653,0.413543,0.536414,0.504054,0.01588,-0.506026,0.604896
2026-01-02T18:30:00+00:00,terminal_alpha,normal,0.093873,0.25759,0.432734,0.001183,-0.272713,0.013895,0.409177,0.40966,decrease_berth_occupancy,berth_occupancy,0.12,0.0956,0.257484,0.431204,0.183596,-0.234536,-0.044363,0.362921,0.342095
2026-01-02T18:45:00+00:00,terminal_alpha,congested,-0.032974,-0.092474,0.491488,0.636221,0.51689,0.425869,-0.235751,0.85,none,,0.0,-0.038086,-0.091542,0.559738,0.678859,0.695952,0.58603,-0.458646,0.861654
2026-01-02T19:00:00+00:00,terminal_alpha,normal,-0.303839,-0.355017,-0.26351,-0.244748,0.171041,0.023008,0.135891,0.191083,none,,0.0,-0.288577,-0.334892,-0.223447,-0.331888,-0.086214,0.019474,0.189158,-0.019961
2026-01-02T19:15:00+00:00,terminal_alpha,normal,-0.386588,-0.08964,0.255865,0.249794,-0.423365,0.077038,0.394051,0.226827,none,,0.0,-0.333416,-0.100234,0.252836,0.354956,-0.334312,-0.195965,0.394075,0.055279
2026-01-02T19:30:00+00:00,terminal_alpha,congested,0.38895,0.689148,0.418792,0.528754,0.105728,0.67842,-0.608404,0.528984,none,,0.0,0.37668,0.610642,0.542675,0.602488,0.458782,0.743672,-0.802081,0.86639
2026-01-02T19:45:00+00:00,terminal_alpha,normal,0.146642,0.164228,-0.22202,-0.199345,0.081737,0.131393,0.162721,0.348399,none,,0.0,0.168999,0.161619,-0.180429,-0.268863,0.01485,0.206944,0.034669,0.235837
2026-01-02T20:00:00+00:00,terminal_alpha,normal,-0.285836,-0.256393,-0.252107,0.035871,-0.346266,-0.268841,0.016011,0.152536,none,,0.0,-0.278027,-0.241144,-0.317307,-0.076644,-0.379399,-0.500775,0.230112,-0.083124
2026-01-02T20:15:00+00:00,terminal_alpha,normal,0.007721,-0.019942,0.146863,0.067813,-0.24606,-0.256191,-0.117266,0.254028,none,,0.0,-0.002245,-0.010664,0.05731,0.124308,-0.216608,-0.369093,0.069658,0.249836
2026-01-02T20:30:00+00:00,terminal_alpha,normal,-0.339042,0.054003,0.469517,-0.070678,0.220157,-0.028657,-0.064449,-0.038668,none,,0.0,-0.310785,0.060348,0.430325,0.123316,0.088143,0.118063,0.047238,0.067007
2026-01-02T20:45:00+00:00,terminal_alpha,normal,-0.062947,0.021489,0.343743,-0.21986,0.067687,-0.189118,0.410986,0.221613,none,,0.0,-0.065646,0.002966,0.309609,-0.077483,-0.060856,-0.172972,0.494294,0.054813
2026-01-02T21:00:00+00:00,terminal_alpha,normal,-0.086682,0.187546,-0.229408,-0.127622,-0.076849,-0.140023,-0.039385,-0.150497,decrease_yard_density,yard_density,0.15,-0.09808,0.184468,-0.261222,-0.239607,-0.178907,-0.123866,0.081079,-0.253448
2026-01-02T21:15:00+00:00,terminal_alpha,normal,-0.124431,-0.416099,0.116781,-0.371265,-0.086138,-0.29201,-0.07002,0.080106,none,,0.0,-0.120743,-0.377447,0.038281,-0.318564,-0.311084,-0.453919,0.15741,-0.008808
2026-01-02T21:30:00+00:00,terminal_alpha,normal,-0.03162,-0.231537,-0.001427,-0.283071,0.021269,0.116805,-0.022877,0.141446,none,,0.0,-0.021494,-0.238627,0.043887,-0.270099,-0.148493,0.070307,-0.084894,0.175027
2026-01-02T21:45:00+00:00,terminal_alpha,normal,-0.103354,0.140866,0.136699,-0.039539,0.006269,-0.261859,0.348971,0.357927,none,,0.0,-0.078403,0.152727,0.052926,0.01563,-0.047684,-0.206992,0.500344,0.068782
2026-01-02T22:00:00+00:00,terminal_alpha,congested,0.1496,0.206265,0.690584,0.403806,0.650741,0.565092,-0.400048,0.499074,none,,0.0,0.141823,0.204332,0.69479,0.587833,0.723682,0.751997,-0.651687,0.825435
2026-01-02T22:15:00+00:00,terminal_alpha,congested,0.195974,0.405174,0.391474,0.63017,0.293489,0.537872,-0.402189,0.734044,none,,0.0,0.185149,0.392179,0.486142,0.656251,0.608971,0.661882,-0.655285,0.868024
2026-01-02T22:30:00+00:00,terminal_alpha,congested,-0.199798,-0.16945,0.561777,0.471722,0.45461,-0.118553,-0.53249,0.321313,none,,0.0,-0.186915,-0.155653,0.491303,0.589591,0.599382,0.097541,-0.410053,0.60814
2026-01-02T22:45:00+00:00,terminal_alpha,congested,-0.002243,0.166815,0.361587,0.622891,0.41009,0.54708,0.054027,0.257621,none,,0.0,0.014766,0.166,0.473312,0.630636,0.655433,0.666663,-0.290855,0.496204
2026-01-02T23:00:00+00:00,terminal_alpha,normal,-0.348813,0.210695,0.239267,0.572287,-0.170315,-0.17974,0.526313,-0.233819,none,,0.0,-0.331858,0.203038,0.18277,0.572602,0.067457,-0.178996,0.606182,-0.496748
2026-01-02T23:15:00+00:00,terminal_alpha,normal,-0.119567,0.043352,0.240194,0.009342,0.016035,0.241836,0.171971,-0.338378,none,,0.0,-0.127901,0.026863,0.275311,0.121837,0.008935,0.246985,0.038885,-0.25014
2026-01-02T23:30:00+00:00,terminal_alpha,weather_disruption,0.632756,0.420543,0.618575,0.512629,0.788153,0.289884,-0.257732,0.584037,decrease_berth_occupancy,berth_occupancy,0.12,0.551756,0.404524,0.627966,0.650364,0.849144,0.68889,-0.518541,0.827581
2026-01-02T23:45:00+00:00,terminal_alpha,congested,0.054848,0.585858,0.158081,0.683369,0.567467,0.575156,-0.474429,0.545736,none,,0.0,0.040853,0.543716,0.311198,0.646833,0.750004,0.791855,-0.680582,0.781226
2026-01-03T00:00:00+00:00,terminal_alpha,normal,0.450054,0.139869,-0.190067,-0.12943,-0.484194,-0.172669,0.495625,0.283313,none,,0.0,0.410313,0.120694,-0.24282,-0.19027,-0.416518,-0.357667,0.471823,6.1e-05
2026-01-03T00:15:00+00:00,terminal_alpha,normal,-0.187613,-0.162516,0.040644,0.185501,-0.098143,-0.025451,-0.089684,0.321525,none,,0.0,-0.159935,-0.131936,0.046183,0.199801,-0.049,-0.142497,-0.040757,0.303578
2026-01-03T00:30:00+00:00,terminal_alpha,congested,-0.072916,0.213241,0.262723,0.560436,0.645125,0.762637,-0.293037,0.649709,none,,0.0,-0.067255,0.2043,0.445674,0.587255,0.737419,0.829326,-0.636464,0.819895
2026-01-03T00:45:00+00:00,terminal_alpha,congested,0.110776,-0.233147,0.85,0.770963,0.558786,0.85,-0.118326,0.61836,none,,0.0,0.120934,-0.204386,0.797927,0.803636,0.766162,0.80371,-0.583172,0.863836
2026-01-03T01:00:00+00:00,terminal_alpha,congested,0.212177,-0.021129,0.666881,0.11625,0.403441,0.216656,-0.336038,0.533434,none,,0.0,0.207667,-0.018067,0.605657,0.363592,0.47718,0.412532,-0.465257,0.77578
2026-01-03T01:15:00+00:00,terminal_alpha,weather_disruption,0.634051,0.712804,0.606939,0.66144,0.673804,0.405924,-0.500361,0.797833,none,,0.0,0.557469,0.594639,0.617517,0.726065,0.838687,0.762092,-0.683606,0.910073
2026-01-03T01:30:00+00:00,terminal_alpha,normal,0.012503,-0.09745,-0.192365,0.070305,0.136,-0.005144,0.001533,-0.078313,none,,0.0,0.000825,-0.087401,-0.182948,0.004063,0.166757,0.060553,0.039837,-0.141018
2026-01-03T01:45:00+00:00,terminal_alpha,normal,-0.438599,0.425501,0.240275,0.323218,0.066618,-0.346105,0.210604,0.050487,none,,0.0,-0.400822,0.391081,0.09775,0.399594,0.142911,-0.169112,0.455283,-0.201248
2026-01-03T02:00:00+00:00,terminal_alpha,congested,-0.060456,0.274855,0.489732,0.342972,0.300765,0.434332,-0.010576,0.449104,decrease_yard_density,yard_density,0.15,-0.070109,0.269707,0.553519,0.499702,0.455426,0.599157,-0.251969,0.645584
2026-01-03T02:15:00+00:00,terminal_alpha,normal,-0.173893,-0.241029,0.262311,0.333928,-0.080459,0.164388,0.183975,0.001402,none,,0.0,-0.151684,-0.242843,0.289661,0.406302,0.087127,0.036754,0.101756,0.031939
2026-01-03T02:30:00+00:00,terminal_alpha,normal,-0.18373,-0.286568,0.151757,-0.182704,0.042974,0.032208,0.08445,0.091728,none,,0.0,-0.172819,-0.303617,0.144133,-0.107718,-0.108928,-0.017445,0.12229,0.093515
2026-01-03T02:45:00+00:00,terminal_alpha,congested,0.12302,0.410536,0.420424,0.644826,0.39578,0.399637,-0.509252,0.595067,none,,0.0,0.099977,0.364243,0.49853,0.67918,0.670529,0.628429,-0.648102,0.82316
2026-01-03T03:00:00+00:00,terminal_alpha,normal,-0.392951,0.292703,-0.108103,0.394521,-0.262928,-0.196215,0.367515,0.177821,none,,0.0,-0.368544,0.271943,-0.14751,0.324238,-0.123209,-0.257735,0.524846,-0.198452
2026-01-03T03:15:00+00:00,terminal_alpha,normal,-0.182868,-0.254694,-0.197789,0.106119,0.261143,0.117494,-0.054503,-0.047374,none,,0.0,-0.187262,-0.249687,-0.153261,0.025156,0.281647,0.18905,-0.109093,-0.082585
2026-01-03T03:30:00+00:00,terminal_alpha,normal,-0.128399,-0.003967,-0.069392,-0.237698,0.047181,-0.024991,0.355394,-0.092082,none,,0.0,-0.103568,0.005902,-0.098478,-0.269942,-0.120392,-0.001928,0.363435,-0.349374
2026-01-03T03:45:00+00:00,terminal_alpha,weather_disruption,0.601892,0.476647,0.492752,0.165856,0.720631,0.371225,-0.239959,0.498455,none,,0.0,0.532601,0.443511,0.542875,0.359887,0.736129,0.728301,-0.528731,0.776048
2026-01-03T04:00:00+00:00,terminal_alpha,normal,0.135518,0.233761,-0.018436,-0.013095,-0.011296,-0.274974,0.129555,0.171119,none,,0.0,0.128505,0.232995,-0.101256,-0.005594,-6.6e-05,-0.21465,0.288585,0.031041
2026-01-03T04:15:00+00:00,terminal_alpha,congested,0.262655,0.405549,0.692706,0.434314,0.65587,0.282504,-0.709786,0.58587,none,,0.0,0.270696,0.400391,0.651567,0.619514,0.748167,0.648589,-0.72456,0.874141
2026-01-03T04:30:00+00:00,terminal_alpha,normal,0.104662,0.164248,0.236628,0.23403,0.381062,-0.193005,0.469501,0.067061,decrease_berth_occupancy,berth_occupancy,0.12,0.081374,0.164625,0.185259,0.303755,0.494776,0.033063,0.534073,-0.145918
2026-01-03T04:45:00+00:00,terminal_alpha,normal,0.060578,-0.097548,-0.176602,-0.374679,0.145585,0.175758,0.004668,-0.390672,none,,0.0,0.065375,-0.097495,-0.117599,-0.430699,-0.088341,0.214927,-0.103251,-0.346045
2026-01-03T05:00:00+00:00,terminal_alpha,congested,-0.023785,-0.247533,0.811597,0.50011,0.292199,0.303136,-0.437977,0.590911,none,,0.0,-0.029527,-0.223494,0.71928,0.689216,0.534149,0.355285,-0.550829,0.836779
2026-01-03T05:15:00+00:00,terminal_alpha,weather_disruption,0.556274,0.085845,0.041433,0.508471,0.531151,0.461533,-0.411188,0.588973,none,,0.0,0.499529,0.09678,0.149375,0.469211,0.735235,0.649414,-0.657345,0.798321
2026-01-03T05:30:00+00:00,terminal_alpha,normal,0.056124,0.288663,0.287835,-0.059107,-0.326628,-0.547546,-0.026509,0.076243,none,,0.0,0.049721,0.307654,0.114916,0.052777,-0.364022,-0.553361,0.285754,-0.023857
2026-01-03T05:45:00+00:00,terminal_alpha,normal,0.169876,0.332321,0.045081,0.18708,-0.093527,-0.049275,-0.014786,0.393549,none,,0.0,0.158005,0.293137,0.014369,0.194261,0.058205,-0.009539,-0.012042,0.413007
2026-01-03T06:00:00+00:00,terminal_alpha,normal,-0.004088,-0.304192,-0.124734,0.253719,0.012217,-0.634818,0.000423,0.169906,none,,0.0,0.017743,-0.285961,-0.289248,0.213289,0.171674,-0.605827,0.360725,-0.103197
2026-01-03T06:15:00+00:00,terminal_alpha,normal,0.080779,-0.248651,-0.123989,0.443398,-0.238783,-0.090649,0.096039,0.005767,none,,0.0,0.097092,-0.235428,-0.163057,0.382366,0.033192,-0.29625,0.145026,-0.094906
2026-01-03T06:30:00+00:00,terminal_alpha,congested,-0.092242,0.16137,0.278581,0.757794,0.378906,0.471841,-0.207479,0.448052,none,,0.0,-0.085558,0.149001,0.392063,0.710376,0.645922,0.617702,-0.448347,0.662365
2026-01-03T06:45:00+00:00,terminal_alpha,normal,0.08992,-0.090544,0.189718,0.129089,0.207421,0.15479,0.419306,0.280708,none,,0.0,0.08022,-0.086906,0.242074,0.207266,0.256305,0.261722,0.303389,0.2037
2026-01-03T07:00:00+00:00,terminal_alpha,normal,-0.333686,-0.100208,0.017377,-0.28556,0.026063,0.083406,0.33585,0.107951,decrease_yard_density,yard_density,0.15,-0.323889,-0.091478,0.056457,-0.257758,-0.219451,0.068915,0.327424,-0.072076
2026-01-03T07:15:00+00:00,terminal_alpha,weather_disruption,0.85,0.135768,0.532724,0.709012,0.27692,0.480954,-0.85,0.85,none,,0.0,0.692999,0.127708,0.592187,0.729256,0.717354,0.58326,-0.857476,0.949218
2026-01-03T07:30:00+00:00,terminal_alpha,congested,-0.116971,0.191851,0.530445,0.329895,0.85,0.462175,-0.346133,0.710783,none,,0.0,-0.130114,0.174225,0.571928,0.514658,0.761178,0.772513,-0.542421,0.839046
2026-01-03T07:45:00+00:00,terminal_alpha,congested,-0.029685,0.151414,0.42619,0.588499,0.407456,0.821792,-0.296612,0.514705,none,,0.0,-0.031424,0.140059,0.567011,0.643954,0.64154,0.800228,-0.669264,0.797644
2026-01-03T08:00:00+00:00,terminal_alpha,normal,0.082635,0.127593,0.021407,-0.076471,0.113011,-0.16051,0.051841,0.40609,none,,0.0,0.073442,0.129002,-0.023388,-0.053497,0.092271,-0.080524,0.120662,0.341204
2026-01-03T08:15:00+00:00,terminal_alpha,congested,-0.001104,-0.139965,0.611366,0.504238,0.605662,0.573285,-0.543445,0.22858,none,,0.0,-0.009189,-0.133572,0.654088,0.624594,0.725062,0.700567,-0.717943,0.714413
2026-01-03T08:30:00+00:00,terminal_alpha,normal,0.103874,-0.085142,0.121433,-0.023785,-0.107746,-0.07228,0.293948,0.237149,none,,0.0,0.11289,-0.088367,0.106814,0.050437,-0.083269,-0.13583,0.291048,0.093182
2026-01-03T08:45:00+00:00,terminal_alpha,weather_disruption,0.624086,-0.43356,0.621913,0.648469,0.627829,0.537308,-0.778478,0.844052,none,,0.0,0.579908,-0.375018,0.648955,0.722301,0.822988,0.626594,-0.843024,0.947027
2026-01-03T09:00:00+00:00,terminal_alpha,normal,-0.259417,-0.11213,-0.158824,-0.027822,0.256033,-0.130362,-0.052173,-0.035956,none,,0.0,-0.26995,-0.101168,-0.214557,-0.107681,0.179938,-0.052785,0.098415,-0.145229
2026-01-03T09:15:00+00:00,terminal_alpha,congested,0.383299,0.225627,0.700172,0.85,0.85,0.567874,0.191372,0.764265,none,,0.0,0.387533,0.223782,0.699556,0.827272,0.891084,0.79553,-0.191177,0.821713
2026-01-03T09:30:00+00:00,terminal_alpha,congested,-0.034713,0.122473,0.042324,0.567021,0.157565,0.493873,-0.244826,0.184931,decrease_berth_occupancy,berth_occupancy,0.12,-0.019464,0.13591,0.147702,0.520887,0.435447,0.586025,-0.496232,0.44284
2026-01-03T09:45:00+00:00,terminal_alpha,normal,-0.437138,-0.264927,0.399266,0.05354,0.030705,0.252782,0.551123,0.131891,none,,0.0,-0.424758,-0.25934,0.442455,0.215985,-0.032461,0.177489,0.463614,-0.015867
2026-01-03T10:00:00+00:00,terminal_alpha,normal,-0.139173,0.071676,0.205175,0.409886,-0.224526,-0.343713,0.300993,-0.039473,none,,0.0,-0.143391,0.085006,0.09408,0.442871,-0.037421,-0.409034,0.490779,-0.283756
2026-01-03T10:15:00+00:00,terminal_alpha,congested,0.25793,-0.089179,0.699859,0.506906,0.517742,0.341203,-0.27208,0.029325,none,,0.0,0.241225,-0.080778,0.674209,0.668627,0.697835,0.52958,-0.484263,0.515326
2026-01-03T10:30:00+00:00,terminal_alpha,normal,0.305931,-0.214611,-0.401211,-0.126067,-0.044372,-0.126049,0.379422,0.279019,none,,0.0,0.285227,-0.193676,-0.38896,-0.309644,-0.04758,-0.209662,0.400774,-0.056522
2026-01-03T10:45:00+00:00,terminal_alpha,congested,-0.055363,-0.046564,0.505603,0.770002,0.593444,0.800768,-0.461544,0.533898,none,,0.0,-0.047155,-0.024119,0.614464,0.754238,0.766531,0.807305,-0.74946,0.834811
2026-01-03T11:00:00+00:00,terminal_alpha,congested,-0.149026,0.2213,0.362189,0.08173,0.288237,0.740794,-0.262026,0.625014,none,,0.0,-0.188921,0.210144,0.52166,0.22586,0.302457,0.750143,-0.606228,0.81204
2026-01-03T11:15:00+00:00,terminal_alpha,normal,0.020573,0.045371,-0.167268,0.085058,0.06155,-0.21923,0.025665,-0.095865,none,,0.0,0.03901,0.029964,-0.22174,0.014107,0.12328,-0.170846,0.143363,-0.232452
2026-01-03T11:30:00+00:00,terminal_alpha,weather_disruption,0.753486,0.581716,0.094267,0.80053,0.817207,0.475568,-0.293355,0.85,none,,0.0,0.636679,0.511769,0.235389,0.683945,0.899598,0.798585,-0.633378,0.8774
2026-01-03T11:45:00+00:00,terminal_alpha,congested,-0.147432,0.512625,0.099025,0.401988,0.508288,0.541141,-0.173758,0.535574,none,,0.0,-0.122345,0.466337,0.253909,0.408272,0.619121,0.749349,-0.452053,0.67609
2026-01-03T12:00:00+00:00,terminal_alpha,normal,-0.233141,-0.453561,0.032852,-0.115649,0.143074,-0.093269,-0.185532,0.040488,decrease_yard_density,yard_density,0.15,-0.23757,-0.436113,0.032857,-0.105068,0.06358,-0.154831,-0.101373,0.059473
2026-01-03T12:15:00+00:00,terminal_alpha,normal,0.017016,-0.21167,0.10771,0.22962,-0.019781,0.046445,-0.02727,0.260093,none,,0.0,0.042585,-0.211259,0.105991,0.270218,0.143074,-0.030456,-0.036591,0.308418
2026-01-03T12:30:00+00:00,terminal_alpha,normal,0.086359,-0.030842,0.010123,0.444404,0.000654,0.036105,0.053347,-0.128,none,,0.0,0.089523,-0.010952,0.018936,0.436514,0.260581,0.030885,0.025834,-0.111581
2026-01-03T12:45:00+00:00,terminal_alpha,congested,-0.318404,0.124381,0.755317,0.74735,0.433601,0.80749,-0.57905,0.599846,none,,0.0,-0.284819,0.14755,0.76642,0.780434,0.655603,0.795474,-0.765614,0.876622
2026-01-03T13:00:00+00:00,terminal_alpha,normal,-0.326463,-0.116187,-0.248074,0.19607,-0.416527,0.093067,-0.170003,-0.121167,none,,0.0,-0.306892,-0.110754,-0.235974,0.055983,-0.360963,-0.165979,-0.189158,-0.127595
2026-01-03T13:15:00+00:00,terminal_alpha,weather_disruption,0.324533,0.5492,0.153022,0.748254,0.85,0.85,-0.726473,0.525355,none,,0.0,0.296226,0.488978,0.398771,0.672222,0.876025,0.901402,-0.867862,0.867883
2026-01-03T13:30:00+00:00,terminal_alpha,normal,-0.215115,-0.182371,0.060801,0.074512,-0.035765,-0.108189,0.006737,0.152581,none,,0.0,-0.216669,-0.183319,0.020432,0.098463,-0.036121,-0.206826,0.115023,0.0929
2026-01-03T13:45:00+00:00,terminal_alpha,normal,-0.285962,0.112694,0.316546,-0.148105,0.102185,0.051665,-0.351782,0.124824,none,,0.0,-0.297752,0.112673,0.299255,-0.007293,-0.016743,0.131399,-0.33336,0.333533
2026-01-03T14:00:00+00:00,terminal_alpha,weather_disruption,0.85,0.359707,0.068292,0.345612,0.463944,0.632706,-0.560513,0.686906,none,,0.0,0.690213,0.32222,0.225699,0.374775,0.70328,0.760997,-0.802686,0.883539
2026-01-03T14:15:00+00:00,terminal_alpha,normal,-0.055596,0.062317,0.331433,0.136388,0.132464,-0.121353,0.415909,-0.160083,none,,0.0,-0.050221,0.058669,0.3066,0.267245,0.206694,-0.039987,0.477367,-0.295536
2026-01-03T14:30:00+00:00,terminal_alpha,congested,0.045342,0.360619,0.597792,0.85,0.624937,0.554365,-0.078999,-0.077853,decrease_berth_occupancy,berth_occupancy,0.12,0.04145,0.335267,0.647715,0.800261,0.814797,0.765595,-0.391239,0.371033
2026-01-03T14:45:00+00:00,terminal_alpha,congested,0.230199,0.169992,0.469942,0.729493,0.812446,0.709376,-0.504981,0.706561,none,,0.0,0.215931,0.125458,0.575242,0.730775,0.853804,0.836994,-0.747682,0.892633
2026-01-03T15:00:00+00:00,terminal_alpha,normal,-0.198451,-0.607157,0.167362,-0.102486,0.07632,-0.419259,0.151735,0.180654,none,,0.0,-0.174846,-0.539098,0.031093,-0.030747,-0.058947,-0.527709,0.423643,-0.026466
2026-01-03T15:15:00+00:00,terminal_alpha,normal,0.129507,0.093906,0.242393,-0.296489,-0.139262,0.052281,-0.204182,-0.204883,none,,0.0,0.10707,0.084488,0.254822,-0.174094,-0.271632,-0.000535,-0.267983,0.051583
2026-01-03T15:30:00+00:00,terminal_alpha,congested,0.272581,-0.066218,0.287229,0.668243,0.487257,0.782006,-0.483002,0.458851,none,,0.0,0.259509,-0.049709,0.458103,0.664814,0.735354,0.777614,-0.759811,0.82027
2026-01-03T15:45:00+00:00,terminal_alpha,normal,-0.061154,-0.490625,0.193518,0.014421,-0.180759,-0.034301,-0.084732,0.153655,none,,0.0,-0.056231,-0.443536,0.191551,0.10558,-0.204357,-0.277125,-0.081065,0.242287
2026-01-03T16:00:00+00:00,terminal_alpha,congested,0.166908,0.134928,0.622876,0.156386,0.527096,0.85,-0.262092,0.40548,none,,0.0,0.184999,0.139256,0.699748,0.420318,0.581782,0.824576,-0.68131,0.805217
2026-01-03T16:15:00+00:00,terminal_alpha,weather_disruption,0.541613,0.2037,0.671288,0.356364,0.591867,0.089236,-0.560653,0.594405,none,,0.0,0.49373,0.200953,0.607646,0.566307,0.739153,0.436595,-0.613971,0.850738
2026-01-03T16:30:00+00:00,terminal_alpha,congested,0.379934,-0.143605,0.268484,0.800105,0.67687,0.61843,-0.672249,0.374656,none,,0.0,0.354149,-0.146457,0.412734,0.710612,0.840224,0.734983,-0.819581,0.816744
2026-01-03T16:45:00+00:00,terminal_alpha,congested,-0.085452,0.032037,0.437655,0.431416,0.571193,0.260378,-0.144504,0.638074,none,,0.0,-0.085437,0.061343,0.480202,0.543925,0.662893,0.538216,-0.293326,0.726442
2026-01-03T17:00:00+00:00,terminal_alpha,congested,0.263607,-0.010536,0.85,0.363525,0.681513,0.609445,-0.523415,0.48012,decrease_yard_density,yard_density,0.15,0.223171,0.004699,0.770734,0.626351,0.736838,0.752524,-0.748269,0.863778
2026-01-03T17:15:00+00:00,terminal_alpha,normal,-0.028151,0.201406,0.339597,0.092495,-0.549573,0.324997,0.154617,0.755615,none,,0.0,0.000585,0.208544,0.40934,0.227295,-0.476419,0.074257,-0.041973,0.709387
2026-01-03T17:30:00+00:00,terminal_alpha,normal,0.094684,-0.313277,0.058949,-0.009311,0.036548,-0.201518,0.009225,-0.453811,none,,0.0,0.092,-0.293911,0.013014,0.032351,0.038716,-0.264335,0.118521,-0.45718
2026-01-03T17:45:00+00:00,terminal_alpha,normal,-0.128422,-0.296642,0.46692,0.41153,-0.261756,0.132329,-0.033917,0.236816,none,,0.0,-0.138604,-0.303675,0.471491,0.537221,-0.049597,-0.106218,-0.108291,0.375292
2026-01-03T18:00:00+00:00,terminal_alpha,congested,0.178748,-0.315654,0.316226,0.549972,0.741965,0.659027,-0.169897,0.59085,none,,0.0,0.176974,-0.303614,0.46786,0.587639,0.790667,0.752276,-0.546484,0.778234
2026-01-03T18:15:00+00:00,terminal_alpha,congested,0.353172,-0.046171,0.479483,0.499126,0.260458,0.34667,-0.396805,0.694127,none,,0.0,0.340696,-0.033328,0.517892,0.605541,0.544929,0.448228,-0.579704,0.853022
2026-01-03T18:30:00+00:00,terminal_alpha,normal,0.10908,-0.06516,0.203788,0.477275,-0.165571,0.088572,0.502752,-0.080958,none,,0.0,0.136618,-0.062602,0.215907,0.517086,0.148926,-0.028064,0.407253,-0.218073
2026-01-03T18:45:00+00:00,terminal_alpha,normal,-0.050991,0.127052,-0.061126,0.029691,0.454954,0.140779,-0.205021,0.231071,none,,0.0,-0.067247,0.105071,-0.021678,0.025374,0.442074,0.422907,-0.263586,0.338423
2026-01-03T19:00:00+00:00,terminal_alpha,congested,0.498554,0.604523,0.220604,0.682971,0.319926,0.720989,-0.185214,0.516645,none,,0.0,0.453515,0.545492,0.398877,0.652043,0.682905,0.794765,-0.617329,0.789628
2026-01-03T19:15:00+00:00,terminal_alpha,normal,-0.188063,-0.191132,0.185635,0.250904,0.062016,0.02958,0.007355,0.224925,none,,0.0,-0.158364,-0.18174,0.195783,0.324159,0.154085,-0.004351,0.011406,0.25149
2026-01-03T19:30:00+00:00,terminal_alpha,congested,0.175668,0.092279,0.577378,0.538514,0.534441,0.392031,-0.26164,0.307407,decrease_berth_occupancy,berth_occupancy,0.12,0.151377,0.100326,0.609949,0.649819,0.692005,0.623668,-0.488078,0.693597
2026-01-03T19:45:00+00:00,terminal_alpha,weather_disruption,0.545322,0.351992,0.569174,0.277702,0.85,0.655181,-0.6086,0.85,none,,0.0,0.483131,0.346758,0.625847,0.487362,0.811266,0.839959,-0.803174,0.938083
2026-01-03T20:00:00+00:00,terminal_alpha,normal,-0.112279,-0.306509,0.060238,0.058817,0.07815,-0.120829,0.272376,-0.038734,none,,0.0,-0.120982,-0.309863,0.012161,0.069001,0.075608,-0.146691,0.352285,-0.198419
2026-01-03T20:15:00+00:00,terminal_alpha,normal,0.029214,0.051494,-0.267582,0.091088,0.042362,0.089263,-0.034824,0.150623,none,,0.0,0.044696,0.036429,-0.243331,-0.012112,0.088456,0.140249,-0.094866,0.129406
2026-01-03T20:30:00+00:00,terminal_alpha,congested,0.313042,0.260494,0.700054,0.447977,0.82008,0.336369,-0.141225,0.485053,none,,0.0,0.277279,0.264061,0.661334,0.623612,0.818699,0.71971,-0.393609,0.762295
2026-01-03T20:45:00+00:00,terminal_alpha,congested,0.144321,0.362191,0.759289,0.693411,0.232129,0.563556,-0.298878,0.36948,none,,0.0,0.127694,0.363239,0.716202,0.770962,0.576931,0.66958,-0.606588,0.774292
2026-01-03T21:00:00+00:00,terminal_alpha,normal,-0.358369,0.337909,0.094904,0.098775,0.036981,0.169964,-0.015685,0.405401,none,,0.0,-0.35423,0.318408,0.144654,0.169096,0.001352,0.289332,-0.062869,0.394465
2026-01-03T21:15:00+00:00,terminal_alpha,normal,0.179887,-0.385752,0.156101,0.169501,-0.04507,-0.064793,-0.070893,-0.039241,none,,0.0,0.169691,-0.355264,0.128368,0.235391,0.114954,-0.216508,-0.076437,0.067651
2026-01-03T21:30:00+00:00,terminal_alpha,normal,0.067527,0.075649,0.17213,0.315884,-0.060568,0.027116,0.364475,0.586426,none,,0.0,0.061717,0.071187,0.200867,0.371139,0.117302,0.023608,0.324019,0.44866
2026-01-03T21:45:00+00:00,terminal_alpha,congested,0.000749,0.038494,0.402878,0.85,0.530291,-0.064198,-0.129452,0.604181,none,,0.0,-0.040752,0.063664,0.391407,0.770501,0.775478,0.229586,-0.096093,0.666074
2026-01-03T22:00:00+00:00,terminal_alpha,normal,-0.243328,0.011159,-0.204214,-0.191195,0.182073,-0.390962,0.070896,-0.042201,decrease_yard_density,yard_density,0.15,-0.249635,-0.00761,-0.316744,-0.280026,9.7e-05,-0.28369,0.33693,-0.343979
2026-01-03T22:15:00+00:00,terminal_alpha,normal,-0.097069,-0.412471,0.321639,0.003184,0.122306,-0.160885,-0.1357,0.053716,none,,0.0,-0.111668,-0.378042,0.298802,0.148263,0.100543,-0.219941,-0.031024,0.149975
2026-01-03T22:30:00+00:00,terminal_alpha,normal,-0.285619,0.185634,0.019445,0.214065,0.226896,0.031729,0.18302,0.087524,none,,0.0,-0.289269,0.180129,0.03837,0.199836,0.268334,0.214975,0.219548,-0.051723
2026-01-03T22:45:00+00:00,terminal_alpha,normal,-0.058508,-0.037038,0.111704,0.060137,0.075137,-0.128812,0.321047,0.331969,none,,0.0,-0.061585,-0.071508,0.057858,0.117264,0.081323,-0.091283,0.373769,0.15108
2026-01-03T23:00:00+00:00,terminal_alpha,normal,-0.144732,-0.187131,0.187682,-0.201797,0.069021,-0.05336,0.457302,-0.393527,none,,0.0,-0.14095,-0.195045,0.178231,-0.10854,-0.103262,-0.050578,0.469705,-0.552717
2026-01-03T23:15:00+00:00,terminal_alpha,normal,-0.651946,-0.21409,-0.182354,-0.318801,0.246681,0.237686,0.162727,-0.164911,none,,0.0,-0.561658,-0.209738,-0.119323,-0.386784,-0.092944,0.296283,0.126511,-0.358245
2026-01-03T23:30:00+00:00,terminal_alpha,normal,-0.032903,0.190786,0.031534,-0.222163,0.031518,-0.364635,-0.105414,0.273574,none,,0.0,-0.008984,0.195112,-0.068176,-0.210774,-0.10341,-0.281838,0.130292,0.18629
2026-01-03T23:45:00+00:00,terminal_alpha,normal,-0.460051,-0.453525,0.343021,0.703997,0.038824,0.008014,0.395625,-0.245225,none,,0.0,-0.449237,-0.416005,0.350841,0.694589,0.321819,-0.079998,0.434701,-0.409251
2026-01-04T00:00:00+00:00,terminal_alpha,congested,-0.163857,0.100203,0.521195,0.573361,0.573762,0.368965,-0.07218,0.430501,none,,0.0,-0.177879,0.083131,0.549836,0.657873,0.702878,0.614664,-0.249631,0.626033
2026-01-04T00:15:00+00:00,terminal_alpha,congested,0.119719,0.289452,0.390951,0.791334,0.227569,0.85,-0.691007,0.397073,none,,0.0,0.117908,0.302304,0.574934,0.735509,0.625069,0.778113,-0.83738,0.838003
2026-01-04T00:30:00+00:00,terminal_alpha,congested,0.151438,-0.037039,0.445123,0.692334,0.194221,0.587524,-0.380865,0.331314,decrease_berth_occupancy,berth_occupancy,0.12,0.165663,-0.047516,0.526366,0.711355,0.549457,0.594616,-0.656562,0.737527
2026-01-04T00:45:00+00:00,terminal_alpha,normal,0.00628,-0.230697,-0.111125,0.031756,0.135161,0.138612,0.441328,0.117401,none,,0.0,0.030128,-0.242248,-0.077329,-0.029539,0.156278,0.129042,0.34693,-0.098172
2026-01-04T01:00:00+00:00,terminal_alpha,weather_disruption,0.717571,0.285117,0.685246,0.85,0.668965,0.542886,-0.324963,0.47435,none,,0.0,0.607788,0.268909,0.68826,0.815391,0.875934,0.751233,-0.653953,0.84855
2026-01-04T01:15:00+00:00,terminal_alpha,normal,0.046206,0.030505,0.109366,-0.280037,-0.15211,0.184513,0.323308,0.024915,none,,0.0,0.043107,0.050134,0.162708,-0.221325,-0.283928,0.083014,0.242237,-0.019966
2026-01-04T01:30:00+00:00,terminal_alpha,weather_disruption,0.502824,0.007258,0.585601,0.055541,0.414894,0.493343,-0.724262,0.625674,none,,0.0,0.464466,0.004105,0.614592,0.311138,0.514529,0.621595,-0.805427,0.90135
2026-01-04T01:45:00+00:00,terminal_alpha,congested,0.609793,0.018576,0.85,0.220373,0.503181,0.391868,-0.283832,0.648163,none,,0.0,0.550121,0.007497,0.737229,0.52701,0.661871,0.593972,-0.547629,0.874111
2026-01-04T02:00:00+00:00,terminal_alpha,normal,-0.231514,0.119837,0.031768,-0.183101,0.184325,-0.121114,-0.051427,-0.230828,none,,0.0,-0.220029,0.121102,0.012205,-0.173288,0.025879,0.034212,0.051713,-0.253639
2026-01-04T02:15:00+00:00,terminal_alpha,weather_disruption,0.61952,0.475194,0.516436,0.337632,0.591623,0.677256,-0.076057,0.85,none,,0.0,0.565207,0.452637,0.609644,0.493528,0.732331,0.813222,-0.534304,0.887743
2026-01-04T02:30:00+00:00,terminal_alpha,congested,0.226806,0.241393,0.643532,0.68966,0.165264,0.80865,-0.149836,0.784577,none,,0.0,0.227326,0.23264,0.708309,0.74062,0.540321,0.737365,-0.6069,0.88959
2026-01-04T02:45:00+00:00,terminal_alpha,weather_disruption,0.282026,0.222495,0.672561,0.334268,0.610175,0.264836,-0.417693,0.718481,none,,0.0,0.256695,0.211715,0.629874,0.552708,0.69765,0.566073,-0.565467,0.872408
2026-01-04T03:00:00+00:00,terminal_alpha,congested,-0.023783,-0.035296,0.335599,0.36132,0.488117,0.670941,0.020616,0.457908,decrease_yard_density,yard_density,0.15,0.002511,-0.019137,0.477485,0.447253,0.598512,0.740967,-0.374289,0.67729
2026-01-04T03:15:00+00:00,terminal_alpha,congested,0.506709,0.049377,0.353626,0.492973,0.324697,0.160633,-0.540032,-0.006898,none,,0.0,0.481766,0.058664,0.371643,0.558182,0.637136,0.326493,-0.614887,0.525277
2026-01-04T03:30:00+00:00,terminal_alpha,normal,-0.142123,0.054984,0.076177,0.300473,-0.136666,0.416729,0.285975,0.025671,none,,0.0,-0.123347,0.071315,0.186398,0.3065,-0.014945,0.334741,0.050075,0.01982
2026-01-04T03:45:00+00:00,terminal_alpha,congested,0.106713,0.190976,0.434666,0.85,0.153791,0.568622,-0.355157,0.488706,none,,0.0,0.107898,0.18149,0.52185,0.781433,0.600338,0.61781,-0.608872,0.782961
2026-01-04T04:00:00+00:00,terminal_alpha,normal,-0.357503,0.021691,-0.39681,0.094821,0.087779,0.079541,-0.119895,-0.013671,none,,0.0,-0.346589,0.026128,-0.360578,-0.096497,0.092821,0.139193,-0.106963,-0.14227
2026-01-04T04:15:00+00:00,terminal_alpha,congested,0.159656,0.25778,0.23687,0.160563,0.754553,0.560709,-0.274893,0.768045,none,,0.0,0.153559,0.260062,0.352175,0.253863,0.709263,0.788962,-0.576435,0.851142
2026-01-04T04:30:00+00:00,terminal_alpha,normal,0.09791,-0.473262,0.329862,0.237903,-0.130659,-0.070625,0.056682,0.236425,none,,0.0,0.090828,-0.435946,0.302613,0.369003,0.034749,-0.269783,0.094736,0.315783
2026-01-04T04:45:00+00:00,terminal_alpha,normal,-0.170538,-0.102779,-0.045115,0.203366,-0.18837,-0.032888,0.096737,0.192006,none,,0.0,-0.160644,-0.090852,-0.049989,0.163914,-0.116808,-0.162128,0.15321,0.066914
2026-01-04T05:00:00+00:00,terminal_alpha,weather_disruption,0.644453,0.113122,0.429387,0.659796,0.299992,0.222326,-0.210859,0.58337,none,,0.0,0.58435,0.094175,0.467992,0.688647,0.675574,0.403456,-0.406418,0.791258
2026-01-04T05:15:00+00:00,terminal_alpha,congested,0.04245,-0.114756,0.280972,0.535566,0.662659,0.483129,0.027446,0.314473,none,,0.0,0.027844,-0.111942,0.393956,0.589996,0.759296,0.6725,-0.281795,0.530396
2026-01-04T05:30:00+00:00,terminal_alpha,weather_disruption,0.694821,0.098619,0.010325,0.345965,0.618946,0.368664,-0.525715,0.518589,decrease_berth_occupancy,berth_occupancy,0.12,0.614147,0.081138,0.107496,0.352135,0.765938,0.624025,-0.706584,0.804235
2026-01-04T05:45:00+00:00,terminal_alpha,congested,-0.048221,-0.032691,0.606084,0.430676,0.38819,0.605962,-0.679432,0.585416,none,,0.0,-0.039189,-0.034025,0.658493,0.590103,0.553976,0.655536,-0.796377,0.871139
2026-01-04T06:00:00+00:00,terminal_alpha,normal,-0.128799,-0.144722,0.056023,0.043793,0.027441,-0.148873,-0.229054,0.202587,none,,0.0,-0.146432,-0.121,-0.000406,0.062923,0.03667,-0.181211,-0.129635,0.251321
2026-01-04T06:15:00+00:00,terminal_alpha,weather_disruption,0.65808,0.322059,0.435238,0.684581,0.283506,0.572357,0.082426,0.612537,none,,0.0,0.585693,0.302492,0.528698,0.701012,0.684758,0.670284,-0.360999,0.786541
2026-01-04T06:30:00+00:00,terminal_alpha,weather_disruption,0.64263,0.663739,0.427349,0.226892,0.810848,0.209057,-0.518567,0.546947,none,,0.0,0.577643,0.585888,0.453688,0.406423,0.800201,0.683162,-0.65286,0.820322
2026-01-04T06:45:00+00:00,terminal_alpha,weather_disruption,0.638502,0.430785,0.504642,0.444011,0.85,0.575706,-0.629537,0.499082,none,,0.0,0.559066,0.405231,0.567753,0.586415,0.846115,0.827437,-0.796234,0.875548
2026-01-04T07:00:00+00:00,terminal_alpha,congested,0.116644,0.513815,0.723351,0.315909,0.589523,0.267139,-0.166362,0.679247,none,,0.0,0.154665,0.475216,0.661743,0.54846,0.669943,0.637605,-0.331908,0.818645
2026-01-04T07:15:00+00:00,terminal_alpha,congested,-0.211375,0.061997,0.589596,0.716228,0.207931,0.762177,-0.418416,0.718092,none,,0.0,-0.195018,0.053265,0.671821,0.754192,0.519646,0.719222,-0.701039,0.873421
2026-01-04T07:30:00+00:00,terminal_alpha,weather_disruption,0.260841,0.22796,0.443655,0.562128,0.85,0.731115,-0.716895,0.540904,none,,0.0,0.261995,0.219246,0.575548,0.625718,0.841182,0.863786,-0.840519,0.882017
2026-01-04T07:45:00+00:00,terminal_alpha,weather_disruption,0.664646,0.666204,0.85,0.480976,0.85,0.428948,-0.85,0.698203,none,,0.0,0.588105,0.570786,0.740376,0.678322,0.852323,0.799572,-0.846841,0.94215
2026-01-04T08:00:00+00:00,terminal_alpha,normal,-0.186047,-0.128666,0.427643,0.092386,-0.312548,0.0575,0.212403,0.113621,decrease_yard_density,yard_density,0.15,-0.169051,-0.133502,0.39541,0.281188,-0.307772,-0.157462,0.211968,0.107945
2026-01-04T08:15:00+00:00,terminal_alpha,normal,-0.373322,-0.239546,-0.114547,-0.206455,0.188453,0.153164,0.129876,-0.074322,none,,0.0,-0.372605,-0.270438,-0.080173,-0.253953,-0.016278,0.196393,0.100913,-0.203817
2026-01-04T08:30:00+00:00,terminal_alpha,normal,-0.185856,0.014208,-0.106791,0.035824,0.012321,-0.209013,-0.145961,0.348523,none,,0.0,-0.172191,0.008973,-0.164492,0.002703,-0.026585,-0.195973,0.029691,0.2539
2026-01-04T08:45:00+00:00,terminal_alpha,congested,-0.328882,0.164974,0.521744,0.85,0.499731,0.398055,-0.232435,0.549266,none,,0.0,-0.330356,0.163729,0.579939,0.791612,0.71209,0.616243,-0.391915,0.724596
2026-01-04T09:00:00+00:00,terminal_alpha,normal,-0.238335,0.265496,-0.030547,0.056607,0.266477,-0.344753,-0.089201,0.181934,none,,0.0,-0.212275,0.250443,-0.117702,0.026843,0.24547,-0.094289,0.161913,0.034775
2026-01-04T09:15:00+00:00,terminal_alpha,weather_disruption,0.808125,0.573743,0.714148,0.383387,0.774359,0.85,-0.525896,0.801215,none,,0.0,0.665274,0.534081,0.744712,0.581295,0.831787,0.893808,-0.829194,0.946716
2026-01-04T09:30:00+00:00,terminal_alpha,weather_disruption,0.798472,0.253568,-0.142128,0.285901,0.424092,0.835245,-0.803845,0.85,none,,0.0,0.66452,0.254227,0.089202,0.220032,0.648743,0.825821,-0.900661,0.935789
2026-01-04T09:45:00+00:00,terminal_alpha,congested,0.109577,0.370073,0.671476,0.2175,0.085811,0.389284,-0.040938,0.85,none,,0.0,0.103934,0.354983,0.643277,0.465764,0.238311,0.491652,-0.294555,0.854141
2026-01-04T10:00:00+00:00,terminal_alpha,normal,0.275824,0.473073,-0.033895,-0.435839,0.023691,-0.248332,0.214754,-0.023534,none,,0.0,0.258877,0.440164,-0.087622,-0.417096,-0.161468,-0.10529,0.293474,-0.168108
2026-01-04T10:15:00+00:00,terminal_alpha,congested,-0.113462,0.27252,0.551405,0.539887,0.800106,0.358737,-0.134602,0.534066,none,,0.0,-0.106165,0.267651,0.582801,0.661077,0.788155,0.715788,-0.327896,0.716975
2026-01-04T10:30:00+00:00,terminal_alpha,congested,-0.011019,0.029604,0.476822,0.470905,0.607523,0.174085,-0.385796,0.806238,decrease_berth_occupancy,berth_occupancy,0.12,-0.013351,0.015787,0.48125,0.575908,0.711359,0.476958,-0.458343,0.845439
2026-01-04T10:45:00+00:00,terminal_alpha,normal,-0.30229,-0.170291,-0.068939,-0.189089,0.135597,-0.144042,-0.033958,0.247774,none,,0.0,-0.311553,-0.180584,-0.116989,-0.191981,-0.049242,-0.117407,0.110229,0.104728
2026-01-04T11:00:00+00:00,terminal_alpha,normal,0.036879,0.274214,0.056978,0.181747,0.202814,0.017432,0.56512,0.481692,none,,0.0,0.058941,0.25019,0.058368,0.214246,0.308384,0.18406,0.501672,0.247123
2026-01-04T11:15:00+00:00,terminal_alpha,normal,0.045132,-0.073653,0.109475,0.1234,-0.099591,-0.094664,0.148465,0.51143,none,,0.0,0.054403,-0.069009,0.099708,0.192826,0.001168,-0.184173,0.221966,0.431115
2026-01-04T11:30:00+00:00,terminal_alpha,normal,-0.212307,-0.567189,-0.065961,0.041936,0.075414,-0.075636,0.152883,-0.053909,none,,0.0,-0.202548,-0.51299,-0.077454,0.028869,0.060387,-0.204505,0.209307,-0.218244
2026-01-04T11:45:00+00:00,terminal_alpha,congested,0.278925,0.418551,0.778013,0.85,0.695888,0.316262,-0.629064,0.019371,none,,0.0,0.273674,0.401822,0.702422,0.826227,0.854031,0.680138,-0.715912,0.644292
2026-01-04T12:00:00+00:00,terminal_alpha,normal,-0.032892,-0.418164,0.388612,-0.038677,0.266479,-0.093722,0.359096,0.224726,none,,0.0,-0.0394,-0.401059,0.365205,0.129458,0.216477,-0.0869,0.393417,0.126011
2026-01-04T12:15:00+00:00,terminal_alpha,weather_disruption,0.85,0.14291,0.221127,-0.007323,0.512587,0.431983,-0.288603,0.49316,none,,0.0,0.690683,0.139559,0.329239,0.079364,0.605882,0.640841,-0.599754,0.800144
2026-01-04T12:30:00+00:00,terminal_alpha,normal,-0.351135,-0.129543,0.292205,0.104211,-0.135582,0.187868,-0.195354,-0.031906,none,,0.0,-0.348365,-0.143688,0.313797,0.213592,-0.168428,0.051258,-0.264778,0.14649
2026-01-04T12:45:00+00:00,terminal_alpha,weather_disruption,0.384661,0.428218,0.44727,0.500071,0.180721,0.300851,-0.320124,0.85,none,,0.0,0.358068,0.381697,0.48971,0.609882,0.511953,0.476247,-0.527229,0.880175
2026-01-04T13:00:00+00:00,terminal_alpha,weather_disruption,0.85,0.487577,0.555282,0.227025,0.578538,0.471947,-0.85,0.067355,decrease_yard_density,yard_density,0.15,0.694742,0.450102,0.589543,0.432272,0.724333,0.72615,-0.865313,0.787948
2026-01-04T13:15:00+00:00,terminal_alpha,normal,-0.128097,-0.098205,0.021771,-0.017,-0.023449,-0.029748,-0.169629,-0.005522,none,,0.0,-0.118441,-0.074566,0.034249,-0.045018,-0.049611,-0.072507,-0.14399,0.047308
2026-01-04T13:30:00+00:00,terminal_alpha,normal,-0.116032,-0.202843,-0.077807,-0.001026,-0.073328,-0.224541,-0.271856,-0.176323,none,,0.0,-0.112199,-0.233305,-0.15525,0.001502,-0.094132,-0.289237,-0.09658,-0.151286
2026-01-04T13:45:00+00:00,terminal_alpha,normal,-0.277954,-0.054482,0.431977,0.106462,-0.071741,-0.020507,0.420799,-0.245779,none,,0.0,-0.244608,-0.058855,0.399385,0.273104,-0.074491,-0.075161,0.453749,-0.373935
2026-01-04T14:00:00+00:00,terminal_alpha,normal,-0.304062,-0.332364,-0.229506,0.140901,0.09313,-0.414293,-0.171409,0.270887,none,,0.0,-0.287855,-0.3039,-0.34507,0.008087,0.074736,-0.428909,0.118719,0.087419
2026-01-04T14:15:00+00:00,terminal_alpha,weather_disruption,0.735509,0.480515,0.684174,0.41948,0.628972,0.071997,-0.712084,0.690261,none,,0.0,0.627394,0.441439,0.599255,0.614997,0.782412,0.504797,-0.695608,0.900686
2026-01-04T14:30:00+00:00,terminal_alpha,normal,0.114097,-0.318987,-0.064179,0.123509,0.367112,-0.108015,-0.368283,0.303119,none,,0.0,0.112842,-0.295619,-0.086956,0.115243,0.436212,-0.029729,-0.312746,0.448063
2026-01-04T14:45:00+00:00,terminal_alpha,normal,0.112275,-0.054902,-0.150304,0.390596,-0.234301,-0.000931,0.040036,0.159471,none,,0.0,0.120454,-0.011862,-0.126854,0.314942,0.01456,-0.16318,0.032031,0.084276
2026-01-04T15:00:00+00:00,terminal_alpha,congested,0.071439,0.194434,0.450932,0.744058,0.350359,0.81967,-0.250475,0.409098,none,,0.0,0.057175,0.218173,0.587077,0.72088,0.669009,0.786267,-0.626374,0.759645
2026-01-04T15:15:00+00:00,terminal_alpha,normal,-0.497399,-0.546094,0.263184,0.475185,0.056557,-0.064352,-0.143653,0.22473,none,,0.0,-0.475192,-0.504265,0.235655,0.539029,0.220824,-0.17329,0.021352,0.248648
2026-01-04T15:30:00+00:00,terminal_alpha,normal,0.208289,-0.03625,0.312949,0.293065,0.390478,-0.562108,-0.103215,-0.239797,decrease_berth_occupancy,berth_occupancy,0.12,0.20988,-0.031968,0.135627,0.392121,0.546084,-0.345689,0.204986,-0.237847
2026-01-04T15:45:00+00:00,terminal_alpha,weather_disruption,0.787612,0.050563,0.628434,0.450318,0.759534,0.700603,-0.788801,0.32423,none,,0.0,0.635408,0.027817,0.668144,0.621142,0.838904,0.802661,-0.875003,0.877272
2026-01-04T16:00:00+00:00,terminal_alpha,congested,0.103417,0.081322,0.811927,0.263643,0.573609,0.801513,-0.439702,0.357401,none,,0.0,0.088159,0.084136,0.778387,0.54337,0.615154,0.822995,-0.736198,0.824385
2026-01-04T16:15:00+00:00,terminal_alpha,normal,-0.45662,-0.014102,-0.06936,0.129415,-0.241347,-0.108571,0.207572,-0.079321,none,,0.0,-0.425537,-0.015915,-0.080225,0.111828,-0.266623,-0.208206,0.347197,-0.344876
2026-01-04T16:30:00+00:00,terminal_alpha,normal,-0.237796,-0.183825,-0.124901,0.014525,0.161151,-0.40102,0.069699,-0.307543,none,,0.0,-0.214323,-0.1817,-0.213237,-0.039951,0.086179,-0.358298,0.390507,-0.524748
2026-01-04T16:45:00+00:00,terminal_alpha,weather_disruption,0.45251,0.253132,0.638553,0.689879,0.793022,0.261457,-0.8291,0.262302,none,,0.0,0.413901,0.241616,0.615998,0.730197,0.856193,0.650697,-0.790682,0.799622
2026-01-04T17:00:00+00:00,terminal_alpha,normal,-0.395089,0.082763,0.114707,-0.037529,-0.197189,-0.398161,-0.204565,-0.045607,none,,0.0,-0.387761,0.069674,-1.4e-05,0.028686,-0.298058,-0.448139,0.096792,-0.13456
2026-01-04T17:15:00+00:00,terminal_alpha,normal,-0.332663,-0.015508,0.079092,0.159832,0.641374,0.040996,0.177509,-0.041446,none,,0.0,-0.31064,-0.027439,0.09141,0.162526,0.591511,0.383804,0.193266,-0.141011
2026-01-04T17:30:00+00:00,terminal_alpha,congested,0.237874,0.182601,0.492177,0.778892,0.357781,0.248384,-0.067914,0.47465,none,,0.0,0.245667,0.179297,0.518617,0.743857,0.705291,0.466963,-0.271037,0.679959
2026-01-04T17:45:00+00:00,terminal_alpha,congested,0.115358,0.329942,0.380572,0.386659,0.119492,0.613739,-0.303521,0.127147,none,,0.0,0.124576,0.330559,0.524232,0.497565,0.375829,0.638125,-0.595579,0.588712
2026-01-04T18:00:00+00:00,terminal_alpha,congested,0.279837,-0.317544,0.574282,0.544342,0.472353,0.683974,-0.174017,0.184335,decrease_yard_density,yard_density,0.15,0.279256,-0.316632,0.654802,0.658504,0.701672,0.709444,-0.55745,0.632358
2026-01-04T18:15:00+00:00,terminal_alpha,congested,0.113659,0.233019,0.590177,0.597254,0.654036,0.332569,-0.245976,0.417924,none,,0.0,0.129892,0.232604,0.583601,0.680351,0.785165,0.648524,-0.430274,0.708608
2026-01-04T18:30:00+00:00,terminal_alpha,congested,-0.363033,0.329956,0.554984,0.85,0.758137,0.533728,-0.249221,0.752342,none,,0.0,-0.352624,0.330878,0.589148,0.797661,0.821071,0.78266,-0.485614,0.824386
2026-01-04T18:45:00+00:00,terminal_alpha,normal,-0.155367,-0.284935,-0.234862,0.496173,0.13558,-0.208984,0.016417,0.026108,none,,0.0,-0.147754,-0.291025,-0.2955,0.387278,0.402454,-0.205937,0.172741,-0.189423
2026-01-04T19:00:00+00:00,terminal_alpha,weather_disruption,0.411094,0.567811,0.410658,0.238003,0.824584,0.460433,-0.59248,0.60478,none,,0.0,0.418082,0.51876,0.495067,0.365889,0.79577,0.787237,-0.739931,0.863023
2026-01-04T19:15:00+00:00,terminal_alpha,congested,0.101003,-0.169947,0.511265,0.376908,0.169291,0.441525,-0.12521,0.56134,none,,0.0,0.08887,-0.153986,0.579198,0.51576,0.37177,0.4703,-0.402522,0.75931
2026-01-04T19:30:00+00:00,terminal_alpha,normal,-0.069356,0.048452,-0.205595,0.321617,-0.168394,-0.000247,0.004546,0.146263,none,,0.0,-0.061046,0.035378,-0.185397,0.22723,0.007389,-0.068156,0.011841,0.058621
2026-01-04T19:45:00+00:00,terminal_alpha,normal,-0.461178,-0.157962,0.572307,-0.080931,0.362438,0.279484,0.367297,0.273962,none,,0.0,-0.432154,-0.15183,0.58814,0.136255,0.222697,0.403393,0.294869,0.293826
2026-01-04T20:00:00+00:00,terminal_alpha,normal,0.088626,-0.234806,0.277059,0.161521,0.201136,0.359463,0.098495,-0.091354,none,,0.0,0.087986,-0.226472,0.355957,0.277476,0.312463,0.377105,-0.11853,0.086867
2026-01-04T20:15:00+00:00,terminal_alpha,normal,-0.059191,-0.177451,0.225316,-0.428929,0.084697,0.114695,0.084257,0.046285,none,,0.0,-0.073336,-0.193418,0.235279,-0.325746,-0.201018,0.096054,0.037428,0.100975
2026-01-04T20:30:00+00:00,terminal_alpha,normal,0.13158,-0.248436,-0.247203,-0.169585,0.234441,0.00142,0.074656,0.177456,decrease_berth_occupancy,berth_occupancy,0.12,0.12942,-0.240797,-0.254451,-0.262026,0.151158,0.056781,0.024719,0.086918
2026-01-04T20:45:00+00:00,terminal_alpha,congested,0.190224,0.136325,0.537427,0.536228,-0.082541,0.699147,-0.242209,0.286871,none,,0.0,0.186708,0.152948,0.613452,0.642259,0.275628,0.59356,-0.605401,0.70413
2026-01-04T21:00:00+00:00,terminal_alpha,congested,0.011203,-0.03968,0.615175,0.203565,0.406395,0.45686,0.086155,0.631196,none,,0.0,0.027836,-0.051143,0.620524,0.412858,0.49095,0.57415,-0.215509,0.752219
2026-01-04T21:15:00+00:00,terminal_alpha,normal,-0.250326,-0.183824,0.062547,-0.13071,-0.21249,0.032752,0.095552,-0.147064,none,,0.0,-0.231792,-0.15217,0.05708,-0.108392,-0.364109,-0.123335,0.098665,-0.215917
2026-01-04T21:30:00+00:00,terminal_alpha,congested,0.268105,-0.120994,0.37252,0.529739,0.080821,0.337982,-0.235186,0.709641,none,,0.0,0.24305,-0.13475,0.425914,0.607361,0.41545,0.333675,-0.443801,0.817292
2026-01-04T21:45:00+00:00,terminal_alpha,congested,0.357508,-0.241669,0.612838,0.633775,0.298396,0.714545,-0.08899,0.360909,none,,0.0,0.322487,-0.2768,0.687181,0.707404,0.638512,0.667521,-0.518081,0.730307
2026-01-04T22:00:00+00:00,terminal_alpha,congested,-0.090754,0.037024,0.298053,0.358486,0.487858,0.524485,-0.624112,0.452412,none,,0.0,-0.106858,0.047305,0.427136,0.462325,0.584607,0.660977,-0.73221,0.777494
2026-01-04T22:15:00+00:00,terminal_alpha,normal,-0.26911,-0.365771,0.1531,0.231793,0.143155,-0.265605,0.389347,-0.329306,none,,0.0,-0.272339,-0.348999,0.079133,0.283507,0.202683,-0.29369,0.549509,-0.54998
2026-01-04T22:30:00+00:00,terminal_alpha,normal,-0.374616,0.037558,0.415567,0.208488,-0.146141,-0.082917,0.400478,0.116894,none,,0.0,-0.371208,0.056572,0.366822,0.387475,-0.078004,-0.127431,0.486748,-0.060814
2026-01-04T22:45:00+00:00,terminal_alpha,normal,-0.293672,-0.338578,-0.01342,0.13178,-0.10713,0.199187,-0.068406,0.162871,none,,0.0,-0.269054,-0.335363,0.040469,0.111103,-0.111564,0.041964,-0.135015,0.210315
2026-01-04T23:00:00+00:00,terminal_alpha,normal,-0.104429,0.048098,0.074705,-0.04215,-0.332158,-0.209635,0.354204,-0.336713,decrease_yard_density,yard_density,0.15,-0.131666,0.049759,-0.007349,0.011702,-0.347668,-0.370536,0.465674,-0.54286
2026-01-04T23:15:00+00:00,terminal_alpha,normal,-0.094587,-0.440642,0.230864,0.372559,0.07018,0.319862,0.075364,0.227636,none,,0.0,-0.08066,-0.419391,0.317529,0.439441,0.235592,0.211128,-0.116233,0.333338
2026-01-04T23:30:00+00:00,terminal_alpha,normal,0.114528,-0.249733,0.207049,0.424071,-0.022813,-0.109709,0.17234,-0.345199,none,,0.0,0.101878,-0.242804,0.142239,0.48522,0.253305,-0.176244,0.209647,-0.36251
2026-01-04T23:45:00+00:00,terminal_alpha,congested,0.507448,0.350179,0.664114,0.85,0.64759,0.046001,-0.277203,0.53353,none,,0.0,0.475666,0.345067,0.587084,0.811478,0.847715,0.476257,-0.37705,0.774056
2026-01-05T00:00:00+00:00,terminal_alpha,weather_disruption,0.775939,0.523629,0.429842,0.307168,0.581499,0.566305,-0.425318,0.650345,none,,0.0,0.654923,0.493412,0.517366,0.44184,0.717512,0.779865,-0.7326,0.877197
2026-01-05T00:15:00+00:00,terminal_alpha,normal,-0.361783,0.118522,0.378168,0.191496,-0.092122,-0.307513,-0.098962,-0.164375,none,,0.0,-0.352114,0.113115,0.307918,0.347643,-0.039632,-0.308728,0.142659,-0.182187
2026-01-05T00:30:00+00:00,terminal_alpha,congested,0.185118,0.402842,0.421772,0.515233,0.490611,0.791859,-0.44657,0.612668,none,,0.0,0.167037,0.387582,0.572196,0.605018,0.692983,0.827983,-0.744687,0.861903
2026-01-05T00:45:00+00:00,terminal_alpha,weather_disruption,0.637864,0.293572,0.824296,0.553416,0.85,0.585983,-0.265312,0.538943,none,,0.0,0.570306,0.278229,0.75347,0.698516,0.869204,0.819422,-0.625112,0.864889
2026-01-05T01:00:00+00:00,terminal_alpha,normal,-0.662182,-0.356467,0.071381,0.204087,0.266405,0.250379,-0.044539,0.004173,none,,0.0,-0.592441,-0.366317,0.128008,0.218571,0.209248,0.293052,-0.058238,-0.016029
2026-01-05T01:15:00+00:00,terminal_alpha,congested,-0.274177,0.243633,0.678723,0.292828,0.668095,0.416795,-0.291246,0.751132,none,,0.0,-0.258065,0.232553,0.661017,0.539914,0.632879,0.702177,-0.450936,0.848684
2026-01-05T01:30:00+00:00,terminal_alpha,congested,-0.236397,0.282884,0.51167,0.788317,0.85,0.57959,-0.391341,0.455434,decrease_berth_occupancy,berth_occupancy,0.12,-0.216464,0.261052,0.594154,0.765275,0.84069,0.814245,-0.619803,0.769711
2026-01-05T01:45:00+00:00,terminal_alpha,congested,0.317222,0.096385,0.320377,0.698448,0.161858,0.456347,-0.036558,0.426078,none,,0.0,0.336969,0.112042,0.401513,0.699459,0.584215,0.496687,-0.363522,0.672841
2026-01-05T02:00:00+00:00,terminal_alpha,normal,-0.139897,-0.298032,0.111305,0.167486,0.424944,-0.145889,0.13478,0.431977,none,,0.0,-0.130279,-0.306543,0.083341,0.217119,0.432704,0.020115,0.226262,0.323157
2026-01-05T02:15:00+00:00,terminal_alpha,congested,0.257375,-0.116891,0.389404,0.631274,0.318998,0.260385,-0.450518,0.296343,none,,0.0,0.253595,-0.128291,0.391209,0.676026,0.633493,0.388803,-0.597734,0.661615
2026-01-05T02:30:00+00:00,terminal_alpha,normal,0.352107,-0.008739,-0.001292,0.090028,-0.333016,-0.249929,0.2846,0.06287,none,,0.0,0.34096,0.01003,-0.068101,0.065091,-0.169307,-0.401288,0.373636,-0.106352
2026-01-05T02:45:00+00:00,terminal_alpha,congested,0.462073,0.01115,0.742841,0.85,0.85,0.229544,-0.596574,0.318094,none,,0.0,0.431748,0.009276,0.669187,0.824121,0.894057,0.610369,-0.685365,0.786528
2026-01-05T03:00:00+00:00,terminal_alpha,normal,0.232155,-0.705899,-0.029601,-0.295205,0.128551,0.153086,0.052249,-0.201757,none,,0.0,0.205934,-0.616008,0.013818,-0.28046,0.02052,0.029832,-0.084946,-0.133717
2026-01-05T03:15:00+00:00,terminal_alpha,congested,0.169514,-0.000625,0.711282,0.681815,0.319424,0.636785,-0.464065,0.463455,none,,0.0,0.161483,0.00042,0.71769,0.744813,0.642543,0.669038,-0.716291,0.83209
2026-01-05T03:30:00+00:00,terminal_alpha,normal,-0.222901,-0.037173,0.178486,0.397208,0.337606,0.212633,0.32494,0.552183,none,,0.0,-0.212386,-0.025751,0.243089,0.433066,0.475152,0.371879,0.233164,0.442829
2026-01-05T03:45:00+00:00,terminal_alpha,normal,0.03001,-0.335056,0.21956,-0.094231,-0.440822,-0.31084,0.102908,0.217839,none,,0.0,0.023419,-0.323648,0.139832,-0.006309,-0.444934,-0.558973,0.299168,0.123076
2026-01-05T04:00:00+00:00,terminal_alpha,congested,0.541788,0.43075,0.85,0.539491,0.343093,0.679037,-0.562577,0.467386,decrease_yard_density,yard_density,0.15,0.501792,0.410077,0.773747,0.719336,0.65487,0.765451,-0.794487,0.888098
2026-01-05T04:15:00+00:00,terminal_alpha,congested,0.532296,0.518168,0.391987,0.522129,0.742697,0.273984,-0.10203,0.707452,none,,0.0,0.483464,0.490233,0.442996,0.598547,0.827307,0.687532,-0.365183,0.80489
2026-01-05T04:30:00+00:00,terminal_alpha,normal,-0.181468,0.019393,0.047561,0.10982,0.156101,-0.137536,0.099259,-0.13021,none,,0.0,-0.181819,0.032388,0.017168,0.104487,0.162203,-0.039241,0.176154,-0.255108
2026-01-05T04:45:00+00:00,terminal_alpha,normal,-0.151518,-0.573889,0.020918,0.026275,-0.392826,0.106122,0.174358,0.201618,none,,0.0,-0.166024,-0.515207,0.048842,0.046919,-0.383897,-0.282593,0.136411,0.131312
2026-01-05T05:00:00+00:00,terminal_alpha,congested,0.269171,0.230203,0.595055,0.479603,0.270556,0.063145,-0.781273,0.200578,none,,0.0,0.263717,0.215282,0.542433,0.624388,0.520795,0.270517,-0.685762,0.710882
2026-01-05T05:15:00+00:00,terminal_alpha,normal,-0.26315,-0.367062,0.151399,0.496755,0.428867,-0.415593,-0.014397,0.209896,none,,0.0,-0.264902,-0.324779,0.01959,0.516394,0.570896,-0.292993,0.25391,0.063077
2026-01-05T05:30:00+00:00,terminal_alpha,congested,0.241005,0.317222,0.585397,0.652367,0.725129,0.067938,-0.116179,0.504343,none,,0.0,0.217346,0.310618,0.519878,0.720416,0.820353,0.49918,-0.175085,0.670294
2026-01-05T05:45:00+00:00,terminal_alpha,normal,0.048067,-0.376765,0.032651,-0.227609,-0.258609,0.529392,-0.104,0.070217,none,,0.0,0.061581,-0.36455,0.168362,-0.208926,-0.362549,0.253107,-0.413572,0.309734
2026-01-05T06:00:00+00:00,terminal_alpha,normal,-0.112899,0.130355,-0.031531,-0.243093,-0.028965,0.085363,0.301608,0.035722,none,,0.0,-0.128406,0.113134,-0.028845,-0.251499,-0.21075,0.100235,0.273672,-0.132977
2026-01-05T06:15:00+00:00,terminal_alpha,normal,-0.131339,-0.331137,-0.038476,0.167382,-0.274472,0.266908,0.212468,0.198415,none,,0.0,-0.137746,-0.331189,0.04368,0.180282,-0.194555,0.005954,0.041997,0.135513
2026-01-05T06:30:00+00:00,terminal_alpha,weather_disruption,0.386713,0.18974,0.610056,0.227476,0.588124,0.73072,-0.251665,0.762727,decrease_berth_occupancy,berth_occupancy,0.12,0.354386,0.194452,0.653415,0.433131,0.675931,0.808642,-0.641902,0.895956
2026-01-05T06:45:00+00:00,terminal_alpha,normal,-0.242211,-0.371807,0.142562,0.334441,0.368617,0.117668,-0.217588,0.076811,none,,0.0,-0.239972,-0.364714,0.175834,0.36419,0.461867,0.218168,-0.259436,0.235073
2026-01-05T07:00:00+00:00,terminal_alpha,congested,0.148056,0.53795,0.401686,0.549646,0.637228,0.619388,0.179216,0.679602,none,,0.0,0.14747,0.480814,0.522052,0.635748,0.760437,0.805065,-0.231548,0.748223
2026-01-05T07:15:00+00:00,terminal_alpha,normal,-0.206366,-0.241548,-0.135047,-0.011862,0.095843,0.220273,-0.01313,0.298663,none,,0.0,-0.233166,-0.213861,-0.098415,-0.079127,0.036592,0.188821,-0.082513,0.276314
2026-01-05T07:30:00+00:00,terminal_alpha,weather_disruption,-0.227297,-0.134869,0.463271,0.128583,0.190344,0.399929,-0.585389,0.4308,none,,0.0,-0.233137,-0.134871,0.524654,0.32251,0.206572,0.415378,-0.667986,0.751715
2026-01-05T07:45:00+00:00,terminal_alpha,congested,-0.160611,0.348352,0.226998,0.605093,0.356958,0.634238,-0.136778,0.451556,none,,0.0,-0.167821,0.345334,0.374578,0.606927,0.585766,0.729435,-0.471913,0.666458
2026-01-05T08:00:00+00:00,terminal_alpha,congested,-0.142576,-0.140144,0.777514,0.85,0.419735,0.457298,-0.172942,0.362687,none,,0.0,-0.160851,-0.129099,0.717403,0.832353,0.7071,0.576679,-0.41426,0.695363
2026-01-05T08:15:00+00:00,terminal_alpha,congested,0.304492,0.468897,0.518856,0.547861,0.053891,0.85,0.095607,0.777945,none,,0.0,0.278332,0.436408,0.631476,0.645861,0.41295,0.768382,-0.47661,0.855623
2026-01-05T08:30:00+00:00,terminal_alpha,weather_disruption,0.552816,0.117924,0.241953,0.256423,0.426046,0.3716,0.02157,0.450935,none,,0.0,0.499681,0.128936,0.334898,0.330368,0.603526,0.564698,-0.294284,0.640284
2026-01-05T08:45:00+00:00,terminal_alpha,normal,0.053492,-0.262123,0.068136,0.195854,-0.09759,-0.51263,-0.098974,0.628282,none,,0.0,0.03983,-0.260033,-0.045513,0.212713,0.019332,-0.578069,0.213432,0.474339
2026-01-05T09:00:00+00:00,terminal_alpha,normal,0.108785,0.245812,0.379382,-0.161343,-0.345048,-0.207501,0.608147,0.047465,decrease_yard_density,yard_density,0.15,0.117994,0.220065,0.326341,0.001668,-0.400341,-0.29916,0.619243,-0.219789
2026-01-05T09:15:00+00:00,terminal_alpha,congested,0.15226,-0.118755,0.462076,0.446008,0.73974,0.649671,-0.362808,0.512427,none,,0.0,0.157622,-0.108085,0.580097,0.581997,0.770905,0.766751,-0.660604,0.807108
2026-01-05T09:30:00+00:00,terminal_alpha,weather_disruption,0.504866,0.327055,0.387639,0.588237,0.846686,0.347012,-0.594161,0.849381,none,,0.0,0.477109,0.325426,0.472146,0.64147,0.864594,0.716136,-0.71718,0.91211
2026-01-05T09:45:00+00:00,terminal_alpha,normal,-0.320826,-0.350975,-0.37017,-0.004145,0.191228,0.149444,0.095774,-0.146149,none,,0.0,-0.284534,-0.336675,-0.31742,-0.137753,0.13155,0.1525,0.042594,-0.316022
2026-01-05T10:00:00+00:00,terminal_alpha,normal,-0.193118,0.27859,0.017121,0.176502,-0.144227,-0.102013,0.251203,0.416646,none,,0.0,-0.215408,0.295569,-0.003022,0.154626,-0.098161,-0.080761,0.312277,0.198519
2026-01-05T10:15:00+00:00,terminal_alpha,congested,0.555973,-0.194838,0.649513,0.85,0.3997,0.4418,-0.467512,0.583102,none,,0.0,0.505536,-0.198931,0.640884,0.81429,0.765832,0.53903,-0.689538,0.871588
2026-01-05T10:30:00+00:00,terminal_alpha,normal,-0.133318,0.01453,-0.019093,0.442286,-0.147394,0.513739,-0.218836,-0.036645,none,,0.0,-0.129245,0.011399,0.086315,0.423928,0.070334,0.427007,-0.478258,0.229301
2026-01-05T10:45:00+00:00,terminal_alpha,normal,-0.336017,0.118382,0.150941,0.005851,0.421594,0.409499,0.589154,0.085215,none,,0.0,-0.342964,0.093701,0.263765,0.060287,0.336852,0.585635,0.355853,-0.094658
2026-01-05T11:00:00+00:00,terminal_alpha,normal,-0.220289,-0.231259,-0.184344,0.093377,0.093618,-0.017411,0.202505,0.322484,none,,0.0,-0.208506,-0.265257,-0.168922,0.018584,0.074022,-0.026814,0.236043,0.083007
2026-01-05T11:15:00+00:00,terminal_alpha,normal,0.058505,0.208494,0.066437,0.117753,-0.082621,-0.222673,-0.475775,0.26358,none,,0.0,0.063136,0.213516,0.003102,0.153801,-0.010279,-0.183926,-0.318771,0.453596
2026-01-05T11:30:00+00:00,terminal_alpha,normal,-0.00789,-0.196321,-0.110631,0.085507,-0.045065,-0.355736,0.234998,0.191843,decrease_berth_occupancy,berth_occupancy,0.12,-0.00618,-0.192579,-0.221658,0.045538,0.029511,-0.427164,0.421897,-0.107466
2026-01-05T11:45:00+00:00,terminal_alpha,weather_disruption,0.80407,0.698356,0.792759,0.1061,0.544218,0.413471,-0.193201,0.85,none,,0.0,0.662526,0.585951,0.724666,0.412402,0.670715,0.730635,-0.531143,0.911354
2026-01-05T12:00:00+00:00,terminal_alpha,weather_disruption,0.817398,0.150194,0.458913,0.300957,0.360051,0.082765,-0.288289,0.85,none,,0.0,0.659551,0.168124,0.418355,0.468598,0.619558,0.316926,-0.45694,0.886331
2026-01-05T12:15:00+00:00,terminal_alpha,congested,-0.335069,0.231335,0.85,0.372281,0.702614,0.022866,-0.010643,0.252316,none,,0.0,-0.311292,0.23823,0.703424,0.635533,0.691283,0.43353,0.027431,0.439705
2026-01-05T12:30:00+00:00,terminal_alpha,normal,-0.303489,-0.191797,0.25221,0.408347,-0.050033,0.034402,0.106596,0.079383,none,,0.0,-0.283894,-0.186561,0.26502,0.473759,0.084915,-0.050906,0.149719,0.044665
2026-01-05T12:45:00+00:00,terminal_alpha,normal,-0.377678,-0.158566,0.067773,-0.403363,-0.191201,-0.287481,0.029297,0.133016,none,,0.0,-0.38669,-0.169001,-0.008279,-0.344383,-0.461609,-0.416267,0.266581,-0.033901
2026-01-05T13:00:00+00:00,terminal_alpha,congested,0.374642,-0.131161,0.649671,0.719188,0.644857,-0.008739,-0.345877,0.68452,none,,0.0,0.370204,-0.117273,0.547307,0.753556,0.821142,0.288806,-0.404547,0.818108
2026-01-05T13:15:00+00:00,terminal_alpha,congested,0.19288,0.106129,0.379171,0.776341,0.204478,0.809938,-0.473926,0.673677,none,,0.0,0.185176,0.144125,0.553851,0.74088,0.594011,0.741046,-0.767212,0.87777
2026-01-05T13:30:00+00:00,terminal_alpha,normal,0.211219,-0.258987,-0.06673,0.287329,0.119309,0.095817,0.119504,-0.134461,none,,0.0,0.197552,-0.2471,-0.036646,0.240402,0.337453,0.078868,0.040448,-0.128809
2026-01-05T13:45:00+00:00,terminal_alpha,congested,0.193657,0.268285,0.55507,0.32397,0.332272,0.621919,-0.228708,0.761477,none,,0.0,0.17101,0.264119,0.626277,0.520102,0.532649,0.697661,-0.567577,0.869056
2026-01-05T14:00:00+00:00,terminal_alpha,weather_disruption,0.691587,0.666855,0.15312,0.232655,0.688706,0.251899,-0.376334,0.352927,decrease_yard_density,yard_density,0.15,0.598943,0.580265,0.237066,0.296789,0.753351,0.678247,-0.588942,0.691801
2026-01-05T14:15:00+00:00,terminal_alpha,normal,0.035468,-0.361517,-0.114314,0.067873,-0.097305,-0.253106,0.019867,0.342766,none,,0.0,0.026157,-0.37056,-0.164236,0.000355,-0.059919,-0.382683,0.169266,0.210934
2026-01-05T14:30:00+00:00,terminal_alpha,normal,-0.307654,0.015319,0.068922,-0.33136,0.063384,-0.099364,0.21538,0.042608,none,,0.0,-0.315864,-0.006431,0.04885,-0.305063,-0.216175,-0.064457,0.326071,-0.141571
2026-01-05T14:45:00+00:00,terminal_alpha,weather_disruption,0.581362,0.750519,0.126591,0.163548,0.535356,0.641185,-0.575354,0.54822,none,,0.0,0.536956,0.637938,0.308448,0.186076,0.636682,0.824097,-0.781163,0.852067
2026-01-05T15:00:00+00:00,terminal_alpha,normal,-0.201605,0.123505,-0.102325,-0.10183,0.018291,0.272625,-0.000997,0.057014,none,,0.0,-0.183391,0.102884,-0.007108,-0.128375,-0.087159,0.336298,-0.147473,0.077751
2026-01-05T15:15:00+00:00,terminal_alpha,congested,0.174454,-0.110153,0.424831,0.284203,0.674668,0.754899,-0.583635,0.632562,none,,0.0,0.143387,-0.130541,0.560946,0.426573,0.701952,0.797976,-0.801859,0.879443
2026-01-05T15:30:00+00:00,terminal_alpha,congested,-0.238158,0.659109,0.368617,0.503028,0.422949,0.634336,-0.552071,0.104817,none,,0.0,-0.242714,0.586866,0.494053,0.57695,0.579344,0.788058,-0.720663,0.611374
2026-01-05T15:45:00+00:00,terminal_alpha,normal,-0.068863,-0.269598,0.085035,0.429742,0.198207,0.075765,0.051405,0.418068,none,,0.0,-0.057184,-0.262175,0.092652,0.421718,0.410612,0.099573,0.023301,0.398805
2026-01-05T16:00:00+00:00,terminal_alpha,normal,-0.098682,0.060979,-0.040384,0.048217,0.030259,-0.110959,0.134912,0.488909,none,,0.0,-0.063903,0.030941,-0.06918,0.029192,0.053661,-0.074291,0.208915,0.347593
2026-01-05T16:15:00+00:00,terminal_alpha,weather_disruption,0.311572,0.111028,0.635348,0.392922,0.315185,0.548486,-0.071148,0.62274,none,,0.0,0.302193,0.13679,0.657832,0.593252,0.550398,0.637525,-0.44531,0.807341
2026-01-05T16:30:00+00:00,terminal_alpha,congested,0.170668,-0.072833,0.316135,0.554002,0.085854,0.37731,-0.774342,0.40211,decrease_berth_occupancy,berth_occupancy,0.12,0.168919,-0.055732,0.374531,0.586371,0.428988,0.389224,-0.779462,0.80535
2026-01-05T16:45:00+00:00,terminal_alpha,weather_disruption,0.843042,0.548599,0.073311,0.509456,0.635164,0.229417,-0.080189,0.555994,none,,0.0,0.700927,0.483191,0.126089,0.499977,0.810015,0.642047,-0.36372,0.695727
2026-01-05T17:00:00+00:00,terminal_alpha,weather_disruption,0.59217,0.353588,0.387089,0.565387,0.70755,-0.13765,-0.362194,0.204849,none,,0.0,0.532877,0.336963,0.342872,0.603813,0.825514,0.368058,-0.336817,0.525447
2026-01-05T17:15:00+00:00,terminal_alpha,weather_disruption,0.346411,0.275987,0.684566,0.609709,0.368475,0.320859,-0.80602,0.428257,none,,0.0,0.341236,0.271585,0.657538,0.720869,0.675101,0.549766,-0.793629,0.856829
2026-01-05T17:30:00+00:00,terminal_alpha,normal,-0.644123,-0.502594,0.048963,0.216232,0.119006,-0.384143,0.021315,0.20932,none,,0.0,-0.565576,-0.46814,-0.070151,0.218857,0.091113,-0.42049,0.382195,-0.091778
2026-01-05T17:45:00+00:00,terminal_alpha,congested,0.523721,-0.253276,0.573129,0.85,0.715506,0.825562,-0.319627,0.545978,none,,0.0,0.501,-0.243612,0.675169,0.804251,0.868736,0.818754,-0.71941,0.869605
2026-01-05T18:00:00+00:00,terminal_alpha,normal,0.091385,0.229498,0.289879,0.162479,-0.106066,0.042902,0.353983,0.052327,none,,0.0,0.093724,0.234807,0.273469,0.266366,0.013721,0.078828,0.301025,0.024468
2026-01-05T18:15:00+00:00,terminal_alpha,normal,-0.118234,-0.003908,0.139241,0.066762,-0.010154,-0.157323,0.394985,0.009759,none,,0.0,-0.128948,-0.01547,0.10073,0.129722,-0.002177,-0.180186,0.478549,-0.240015
2026-01-05T18:30:00+00:00,terminal_alpha,normal,-0.582758,0.142534,0.214453,-0.018211,-0.095377,-0.100178,0.248196,0.024863,none,,0.0,-0.508086,0.136054,0.196987,0.093926,-0.246794,-0.100421,0.38089,-0.222408
2026-01-05T18:45:00+00:00,terminal_alpha,congested,0.14951,0.26681,0.315167,0.650558,0.135018,0.387539,-0.076216,0.195264,none,,0.0,0.159263,0.242965,0.404755,0.645982,0.486029,0.474399,-0.32576,0.453718
2026-01-05T19:00:00+00:00,terminal_alpha,congested,0.056458,-0.284058,0.467406,0.222757,0.532489,0.532521,-0.039964,0.567372,decrease_yard_density,yard_density,0.15,0.05784,-0.270538,0.551762,0.39353,0.593836,0.63142,-0.356557,0.73206
2026-01-05T19:15:00+00:00,terminal_alpha,weather_disruption,0.83889,0.482509,0.600341,0.550123,0.629715,0.720824,-0.63445,0.760911,none,,0.0,0.686932,0.445114,0.666963,0.667399,0.811721,0.833253,-0.839215,0.938716
2026-01-05T19:30:00+00:00,terminal_alpha,congested,0.26033,0.26202,0.587051,0.85,0.561542,0.769217,-0.137006,0.4767,none,,0.0,0.251725,0.255754,0.670036,0.793964,0.798211,0.819549,-0.592476,0.790048
2026-01-05T19:45:00+00:00,terminal_alpha,weather_disruption,0.732117,0.674934,0.207364,0.041744,0.706871,0.204794,-0.336234,0.226732,none,,0.0,0.615322,0.5949,0.237791,0.126448,0.722122,0.650814,-0.529726,0.618259
2026-01-05T20:00:00+00:00,terminal_alpha,normal,-0.193822,0.149152,-0.194228,0.19607,-0.007947,0.118068,0.081908,-0.194378,none,,0.0,-0.185045,0.153676,-0.168062,0.090608,0.062526,0.161527,0.018794,-0.309844
2026-01-05T20:15:00+00:00,terminal_alpha,normal,-0.088028,-0.06134,-0.020318,0.190169,0.449696,-0.130521,-0.118546,0.308098,none,,0.0,-0.11631,-0.094748,-0.043974,0.177318,0.477204,0.090118,-0.022991,0.284759
2026-01-05T20:30:00+00:00,terminal_alpha,weather_disruption,0.531983,-0.045691,0.100434,0.629084,0.401517,0.365482,-0.85,0.282881,none,,0.0,0.487408,-0.055254,0.200969,0.589671,0.709566,0.54415,-0.827263,0.768888
2026-01-05T20:45:00+00:00,terminal_alpha,weather_disruption,0.85,0.27354,0.314567,0.26955,0.635984,0.628218,-0.618512,0.648105,none,,0.0,0.678151,0.288156,0.467943,0.391478,0.75926,0.782007,-0.8189,0.901256
2026-01-05T21:00:00+00:00,terminal_alpha,normal,-0.041489,-0.064041,0.409554,-0.126818,0.201494,-0.138081,0.10523,0.146414,none,,0.0,-0.039583,-0.075648,0.365571,0.028607,0.13702,-0.075995,0.210109,0.160164
2026-01-05T21:15:00+00:00,terminal_alpha,congested,-0.287276,0.111737,0.593821,0.75505,0.684906,0.465723,-0.339839,0.584271,none,,0.0,-0.27534,0.131615,0.621591,0.758494,0.78673,0.690685,-0.533691,0.787065
2026-01-05T21:30:00+00:00,terminal_alpha,normal,0.135132,-0.077853,-0.065414,0.217225,0.132817,0.139474,0.331454,0.220053,decrease_berth_occupancy,berth_occupancy,0.12,0.134458,-0.085413,-0.04577,0.198222,0.285244,0.199725,0.215435,0.111596
2026-01-05T21:45:00+00:00,terminal_alpha,normal,-0.472135,-0.169293,-0.353803,0.06423,0.666505,0.247271,0.406788,-0.001841,none,,0.0,-0.449454,-0.173385,-0.266801,-0.099897,0.555544,0.504642,0.32255,-0.318571
2026-01-05T22:00:00+00:00,terminal_alpha,normal,0.044999,-0.581753,0.031664,0.029707,0.007132,0.383817,-0.038419,0.112468,none,,0.0,0.070907,-0.546734,0.11767,0.037407,0.021634,0.192966,-0.273647,0.303337
2026-01-05T22:15:00+00:00,terminal_alpha,normal,0.10397,-0.317476,-0.020789,0.27774,0.149801,0.006955,0.095008,0.033424,none,,0.0,0.085222,-0.290431,-0.010271,0.236843,0.337564,-0.026118,0.081835,-0.0179
2026-01-05T22:30:00+00:00,terminal_alpha,normal,0.122152,0.120998,0.248122,-0.227972,-0.238383,0.298985,0.21259,0.153661,none,,0.0,0.109332,0.11288,0.315354,-0.11533,-0.312258,0.230679,0.005401,0.260376
2026-01-05T22:45:00+00:00,terminal_alpha,congested,-0.357398,0.294319,0.184744,0.491431,0.46865,0.617983,-0.371495,0.703839,none,,0.0,-0.328988,0.278173,0.328666,0.519295,0.585781,0.747513,-0.592833,0.792884
2026-01-05T23:00:00+00:00,terminal_alpha,normal,0.21392,-0.208397,0.208194,-0.104046,0.236522,0.028926,-0.10368,0.415025,none,,0.0,0.173379,-0.219022,0.22578,-0.032959,0.205211,0.074737,-0.16655,0.535773
2026-01-05T23:15:00+00:00,terminal_alpha,congested,0.187165,0.255674,0.689509,0.352962,0.53596,0.286595,-0.374948,0.54253,none,,0.0,0.210199,0.266089,0.653184,0.581754,0.648012,0.569658,-0.526581,0.811834
2026-01-05T23:30:00+00:00,terminal_alpha,normal,-0.090899,0.243673,0.214087,0.083589,-0.077417,0.204766,-0.108843,0.196174,none,,0.0,-0.079595,0.243141,0.28219,0.198195,-0.063925,0.24056,-0.226085,0.367501
2026-01-05T23:45:00+00:00,terminal_alpha,normal,-0.261364,-0.152981,0.239162,0.093655,-0.022744,0.2764,0.364582,0.095547,none,,0.0,-0.275837,-0.186493,0.30244,0.201547,-0.047008,0.232668,0.223391,0.050488
2026-01-06T00:00:00+00:00,terminal_alpha,normal,0.04038,-0.262922,0.462568,-0.125344,-0.024671,0.014026,-0.201057,0.220651,decrease_yard_density,yard_density,0.15,0.05935,-0.243574,0.432295,0.059449,-0.094937,-0.055047,-0.197596,0.457575
2026-01-06T00:15:00+00:00,terminal_alpha,congested,-0.168634,0.088127,0.436855,0.85,0.095902,0.502648,0.007321,0.514128,none,,0.0,-0.17137,0.062381,0.531696,0.774592,0.491282,0.533718,-0.267999,0.653501
2026-01-06T00:30:00+00:00,terminal_alpha,congested,0.31766,0.012202,0.85,0.36319,0.85,0.424314,0.125602,0.548414,none,,0.0,0.305499,-0.00128,0.74534,0.603645,0.810041,0.723402,-0.202956,0.76762
2026-01-06T00:45:00+00:00,terminal_alpha,congested,-0.029185,0.185614,0.581971,0.440159,0.682785,0.409396,-0.496194,0.804826,none,,0.0,-0.036246,0.166961,0.597488,0.601234,0.728371,0.688515,-0.625673,0.888903
2026-01-06T01:00:00+00:00,terminal_alpha,normal,0.121479,-0.021016,-0.050583,0.034171,-0.249111,-0.114352,0.289044,0.099635,none,,0.0,0.113453,-0.017464,-0.09598,0.027971,-0.198092,-0.225592,0.311178,-0.094705
2026-01-06T01:15:00+00:00,terminal_alpha,normal,-0.104343,-0.091091,0.08393,0.301937,0.136782,-0.289681,0.101457,-0.283375,none,,0.0,-0.078015,-0.101228,0.010423,0.319997,0.273329,-0.260675,0.287195,-0.411629
2026-01-06T01:30:00+00:00,terminal_alpha,normal,0.124346,0.23285,0.671114,-0.35248,0.477529,0.115395,0.241203,0.008574,none,,0.0,0.124544,0.238564,0.611247,-0.083142,0.284004,0.409646,0.138291,0.160988
2026-01-06T01:45:00+00:00,terminal_alpha,normal,0.10455,0.073392,0.021782,-0.117689,-0.322632,-0.025688,-0.31693,0.186503,none,,0.0,0.104833,0.060524,-0.007536,-0.120298,-0.336855,-0.168516,-0.307413,0.360674
2026-01-06T02:00:00+00:00,terminal_alpha,congested,0.252275,-0.145322,0.581572,0.546807,0.544116,0.38489,-0.404174,0.553516,none,,0.0,0.257292,-0.155328,0.602488,0.657635,0.720657,0.567613,-0.602995,0.814419
2026-01-06T02:15:00+00:00,terminal_alpha,normal,-0.060072,-0.305483,0.28565,0.117766,0.095695,0.037882,-0.160955,-0.263185,none,,0.0,-0.060027,-0.315493,0.281642,0.208463,0.141319,-0.000179,-0.17566,-0.074512
2026-01-06T02:30:00+00:00,terminal_alpha,normal,-0.037756,-0.030561,0.115096,-0.03966,0.166586,0.001947,0.150266,0.052191,decrease_berth_occupancy,berth_occupancy,0.12,-0.042694,-0.023251,0.092024,-0.007545,0.109125,0.093568,0.148342,0.01217
2026-01-06T02:45:00+00:00,terminal_alpha,normal,0.006578,-0.569401,-0.130117,0.274953,-0.016389,0.22582,0.521786,-0.116783,none,,0.0,0.042034,-0.516256,-0.067485,0.228453,0.196095,0.046387,0.385573,-0.32182
2026-01-06T03:00:00+00:00,terminal_alpha,normal,-0.040006,-0.284432,0.039482,-0.241471,0.186136,-0.231913,0.093159,-0.293841,none,,0.0,-0.053098,-0.300027,-0.025744,-0.232499,0.033656,-0.194167,0.258742,-0.418903
2026-01-06T03:15:00+00:00,terminal_alpha,normal,-0.020431,-0.037662,0.205652,0.180512,0.244334,0.093402,0.20357,0.046114,none,,0.0,-0.03616,-0.034554,0.23619,0.244186,0.355783,0.228077,0.121832,0.044141
2026-01-06T03:30:00+00:00,terminal_alpha,normal,0.200828,0.132775,0.319174,0.100165,0.155387,0.229766,-0.194547,0.079074,none,,0.0,0.19685,0.132874,0.378072,0.223718,0.237418,0.323989,-0.346893,0.377363
2026-01-06T03:45:00+00:00,terminal_alpha,congested,0.200436,-0.044292,0.125218,0.573474,0.486254,0.203688,-0.232075,0.237858,none,,0.0,0.170934,-0.034499,0.183034,0.556534,0.688058,0.402748,-0.379024,0.469496
2026-01-06T04:00:00+00:00,terminal_alpha,congested,0.079335,0.31008,0.302467,0.598987,0.397984,0.85,-0.465468,0.27376,none,,0.0,0.080413,0.336999,0.481073,0.61291,0.641932,0.815845,-0.75975,0.729451
2026-01-06T04:15:00+00:00,terminal_alpha,normal,-0.202798,0.104879,0.378607,0.128997,-0.176116,0.047121,-0.006281,0.099672,none,,0.0,-0.20584,0.102958,0.365724,0.282748,-0.119347,0.005743,-0.002312,0.205466
2026-01-06T04:30:00+00:00,terminal_alpha,normal,0.01678,0.115016,-0.236233,-0.228265,-0.307255,-0.033866,-0.099036,0.181446,none,,0.0,0.022403,0.093235,-0.254115,-0.321015,-0.41396,-0.153622,-0.072221,0.168969
2026-01-06T04:45:00+00:00,terminal_alpha,normal,0.442289,0.043769,0.054421,-0.16328,0.166575,0.322813,0.263613,0.282287,none,,0.0,0.416014,0.038104,0.132186,-0.166427,0.173761,0.41736,0.014203,0.36091
2026-01-06T05:00:00+00:00,terminal_alpha,congested,0.036507,0.250931,0.85,0.500241,0.739444,0.658529,-0.240415,0.587533,decrease_yard_density,yard_density,0.15,0.04168,0.242815,0.775812,0.691251,0.781934,0.807341,-0.583269,0.85121
2026-01-06T05:15:00+00:00,terminal_alpha,normal,-0.051099,-0.17988,-0.192691,0.060127,0.296569,-0.051282,0.277234,0.247451,none,,0.0,-0.071338,-0.1655,-0.211624,-0.005392,0.304847,0.068454,0.350201,0.000739
2026-01-06T05:30:00+00:00,terminal_alpha,weather_disruption,0.686022,0.523203,0.810052,0.732943,0.503935,0.420587,-0.724699,0.427168,none,,0.0,0.595414,0.493134,0.740157,0.785605,0.794878,0.694837,-0.801407,0.883246
2026-01-06T05:45:00+00:00,terminal_alpha,normal,-0.404881,0.102944,0.364924,-0.087341,0.02287,0.184196,0.177378,-0.160041,none,,0.0,-0.380705,0.086308,0.400299,0.061369,-0.135052,0.224638,0.125001,-0.166442
2026-01-06T06:00:00+00:00,terminal_alpha,congested,-0.050329,0.437406,0.796163,0.78528,0.150311,0.63268,-0.544214,0.72333,none,,0.0,-0.06555,0.408197,0.754622,0.804771,0.528267,0.690313,-0.730533,0.904684
2026-01-06T06:15:00+00:00,terminal_alpha,normal,-0.428783,0.425529,0.354294,0.163976,-0.151638,0.217087,0.001044,0.069127,none,,0.0,-0.406751,0.404346,0.41446,0.297724,-0.138256,0.262567,-0.068669,0.204731
2026-01-06T06:30:00+00:00,terminal_alpha,congested,-0.215056,0.08124,0.364237,0.421663,0.276296,0.515226,-0.309187,0.663547,none,,0.0,-0.210746,0.082101,0.485956,0.51174,0.443805,0.608975,-0.518251,0.791497
2026-01-06T06:45:00+00:00,terminal_alpha,congested,0.088471,0.306368,0.792267,0.576488,0.775373,0.639175,-0.499049,0.705644,none,,0.0,0.062896,0.295674,0.736367,0.721833,0.816786,0.823795,-0.737553,0.903138
2026-01-06T07:00:00+00:00,terminal_alpha,congested,0.282959,0.299532,0.731634,0.301345,0.442758,0.368187,-0.359035,0.559891,none,,0.0,0.264334,0.284471,0.687695,0.537604,0.591139,0.606257,-0.550182,0.829183
2026-01-06T07:15:00+00:00,terminal_alpha,weather_disruption,0.450479,0.384597,0.085223,0.220756,0.366775,0.85,-0.27536,0.428706,none,,0.0,0.411129,0.350791,0.313686,0.250353,0.523944,0.825008,-0.699964,0.767316
2026-01-06T07:30:00+00:00,terminal_alpha,normal,0.153766,-0.027139,0.040223,0.215225,-0.304817,0.333713,0.139188,0.036875,decrease_berth_occupancy,berth_occupancy,0.12,0.162945,-0.042766,0.120661,0.234043,-0.134457,0.13743,-0.097433,0.118285
2026-01-06T07:45:00+00:00,terminal_alpha,congested,0.009937,0.0627,0.327206,0.76805,0.495723,0.277651,-0.259106,0.498536,none,,0.0,0.009174,0.041383,0.369737,0.717011,0.730488,0.509567,-0.401318,0.694737
2026-01-06T08:00:00+00:00,terminal_alpha,normal,-0.233792,-0.499756,0.077179,-0.058047,-0.092426,0.126124,-0.191206,0.193855,none,,0.0,-0.244292,-0.47894,0.098213,-0.042383,-0.182178,-0.04825,-0.200284,0.299056
2026-01-06T08:15:00+00:00,terminal_alpha,normal,0.124063,0.108257,-0.087277,0.161106,0.063517,0.239066,0.659455,0.017897,none,,0.0,0.133962,0.108748,-0.017547,0.111678,0.17998,0.303983,0.443278,-0.231501
2026-01-06T08:30:00+00:00,terminal_alpha,normal,-0.194267,0.345515,0.311956,0.221746,0.236529,0.027857,0.018497,0.178215,none,,0.0,-0.187195,0.342514,0.311898,0.336049,0.302051,0.239552,0.018897,0.254629
2026-01-06T08:45:00+00:00,terminal_alpha,congested,0.159201,-0.003711,0.420077,0.705189,0.487689,0.817524,-0.843173,0.526912,none,,0.0,0.162436,-0.011632,0.577074,0.704309,0.732929,0.804328,-0.884343,0.894545
2026-01-06T09:00:00+00:00,terminal_alpha,weather_disruption,0.374452,0.437846,-0.067403,0.474224,0.208284,0.46413,-0.629247,0.777241,none,,0.0,0.358622,0.415657,0.040183,0.432144,0.509054,0.622184,-0.761719,0.873281
2026-01-06T09:15:00+00:00,terminal_alpha,normal,0.083676,-0.332645,0.001543,0.04561,0.135434,0.410961,0.049075,0.034249,none,,0.0,0.07746,-0.305618,0.10594,0.034621,0.18957,0.363259,-0.191295,0.17435
2026-01-06T09:30:00+00:00,terminal_alpha,congested,-0.004351,-0.23671,0.501131,0.510141,0.380489,0.142294,-0.261891,0.24049,none,,0.0,0.024777,-0.21316,0.476607,0.619097,0.585753,0.283328,-0.336264,0.537582
2026-01-06T09:45:00+00:00,terminal_alpha,normal,-0.47034,-0.508453,0.280639,0.123418,0.097708,-0.045454,0.120669,-0.147169,none,,0.0,-0.433276,-0.481348,0.255822,0.232922,0.047948,-0.156918,0.232389,-0.229938
2026-01-06T10:00:00+00:00,terminal_alpha,normal,-0.150269,-0.075278,0.005555,-0.528052,0.04836,-0.421703,0.229088,0.084707,decrease_yard_density,yard_density,0.15,-0.164436,-0.087912,-0.118139,-0.47303,-0.273174,-0.373634,0.483631,-0.227741
2026-01-06T10:15:00+00:00,terminal_alpha,normal,0.26221,0.197937,0.146285,0.380024,-0.264095,0.386031,0.206396,0.143682,none,,0.0,0.251481,0.172599,0.253719,0.440091,0.015062,0.282442,-0.084706,0.276296
2026-01-06T10:30:00+00:00,terminal_alpha,normal,-0.01658,-0.267392,0.371977,-0.274279,0.198288,-0.157191,0.134861,0.112623,none,,0.0,-0.01757,-0.266643,0.332287,-0.130398,0.052934,-0.161599,0.234211,0.087037
2026-01-06T10:45:00+00:00,terminal_alpha,normal,-0.46093,-0.337153,-0.118306,-0.084243,-0.455439,0.042942,0.013715,-0.042925,none,,0.0,-0.427945,-0.339571,-0.104558,-0.130025,-0.53685,-0.287664,0.065491,-0.169134
2026-01-06T11:00:00+00:00,terminal_alpha,normal,-0.118497,-0.534491,-0.118226,0.091947,-0.149084,-0.136951,-0.061237,-0.123717,none,,0.0,-0.116617,-0.472417,-0.147015,0.058308,-0.141014,-0.337211,0.054207,-0.220533
2026-01-06T11:15:00+00:00,terminal_alpha,congested,0.303964,0.029076,0.335832,0.328668,0.417182,0.737864,-0.392292,0.416256,none,,0.0,0.310322,0.027465,0.497622,0.432084,0.573608,0.753991,-0.723718,0.795461
2026-01-06T11:30:00+00:00,terminal_alpha,normal,-0.438231,0.120617,0.232585,-0.075029,-0.153772,-0.167598,0.245697,0.136962,none,,0.0,-0.397746,0.118425,0.179261,0.009917,-0.302278,-0.208861,0.390816,-0.084584
2026-01-06T11:45:00+00:00,terminal_alpha,normal,-0.20138,-0.183771,-0.023793,-0.153698,-0.088579,-0.090289,0.325185,0.189834,none,,0.0,-0.209887,-0.193962,-0.045487,-0.163657,-0.204347,-0.207116,0.399102,-0.082925
2026-01-06T12:00:00+00:00,terminal_alpha,normal,-0.102493,0.075628,0.092533,0.182804,0.039798,0.0051,0.388366,0.312886,none,,0.0,-0.082203,0.084915,0.090547,0.206803,0.117076,0.034317,0.374617,0.122697
2026-01-06T12:15:00+00:00,terminal_alpha,congested,0.118071,0.205024,0.85,0.558279,0.104479,0.569422,-0.23266,0.640227,none,,0.0,0.153227,0.182522,0.760607,0.725524,0.43419,0.603512,-0.52571,0.854099
2026-01-06T12:30:00+00:00,terminal_alpha,normal,-0.119979,0.240023,-0.13733,0.041474,-0.067916,-0.124164,0.396406,0.16597,decrease_berth_occupancy,berth_occupancy,0.12,-0.101128,0.255822,-0.171711,-0.003543,-0.055445,-0.076113,0.476038,-0.14721
2026-01-06T12:45:00+00:00,terminal_alpha,weather_disruption,0.85,-0.121772,0.644264,0.706803,0.297621,0.225964,-0.336966,0.796934,none,,0.0,0.693437,-0.138458,0.62543,0.756541,0.712379,0.352223,-0.583179,0.899479
2026-01-06T13:00:00+00:00,terminal_alpha,congested,0.243254,0.251698,0.847659,0.678967,0.380424,0.246983,-0.54309,0.740604,none,,0.0,0.242442,0.256168,0.727175,0.769885,0.684079,0.482517,-0.645523,0.899096
2026-01-06T13:15:00+00:00,terminal_alpha,normal,-0.203524,0.05814,0.069713,0.038939,0.392343,0.088437,0.33466,-0.529395,none,,0.0,-0.198758,0.06685,0.090527,0.089773,0.337915,0.319691,0.304036,-0.612149
2026-01-06T13:30:00+00:00,terminal_alpha,normal,-0.211659,0.090235,0.088474,0.303477,-0.187521,-0.048621,-0.342259,0.229759,none,,0.0,-0.234985,0.111381,0.075603,0.318226,-0.052354,-0.119597,-0.292503,0.367942
2026-01-06T13:45:00+00:00,terminal_alpha,normal,-0.535113,-0.042307,0.413097,-0.008895,-0.416239,0.030447,0.299245,-0.131862,none,,0.0,-0.516105,-0.070471,0.381007,0.177152,-0.508199,-0.211933,0.365807,-0.277143
2026-01-06T14:00:00+00:00,terminal_alpha,normal,-0.239797,-0.08948,0.077111,-0.080045,-0.118925,0.000314,-0.06183,0.384095,none,,0.0,-0.217503,-0.08076,0.073747,-0.050609,-0.206129,-0.089642,-0.031146,0.375879
2026-01-06T14:15:00+00:00,terminal_alpha,normal,-0.062634,-0.313205,-0.137407,-0.086649,-0.216611,-0.28425,0.282917,-0.025111,none,,0.0,-0.06665,-0.304508,-0.243172,-0.134964,-0.278026,-0.472543,0.433788,-0.311627
2026-01-06T14:30:00+00:00,terminal_alpha,weather_disruption,0.85,0.643682,0.794974,0.511757,0.705204,0.111306,-0.546221,0.817226,none,,0.0,0.694851,0.544685,0.67626,0.684432,0.83688,0.594382,-0.649095,0.921498
2026-01-06T14:45:00+00:00,terminal_alpha,normal,-0.073445,-0.359259,0.125434,0.120163,-0.247083,-0.02325,0.348216,0.122702,none,,0.0,-0.068326,-0.359412,0.139441,0.156047,-0.192618,-0.269463,0.35598,-0.02099
2026-01-06T15:00:00+00:00,terminal_alpha,normal,-0.034547,0.052739,0.43882,-0.632901,-0.339452,-0.021413,-0.273771,0.235952,decrease_yard_density,yard_density,0.15,-0.03984,0.055829,0.410927,-0.414643,-0.607351,-0.204068,-0.261786,0.469802
2026-01-06T15:15:00+00:00,terminal_alpha,congested,-0.022935,-0.139071,0.195338,0.616516,0.85,0.780252,-0.358446,0.85,none,,0.0,-0.039329,-0.14929,0.384615,0.606251,0.841967,0.831065,-0.682431,0.887462
2026-01-06T15:30:00+00:00,terminal_alpha,congested,0.2082,0.107758,0.687309,0.216279,0.756546,0.362869,-0.22151,0.544907,none,,0.0,0.197233,0.122568,0.643859,0.440803,0.725943,0.660242,-0.459691,0.792923
2026-01-06T15:45:00+00:00,terminal_alpha,normal,-0.107438,-0.048492,0.297523,0.117949,-0.088233,-0.193099,-0.182447,0.118852,none,,0.0,-0.101728,-0.069913,0.221877,0.253069,-0.053575,-0.247584,-0.056278,0.213854
2026-01-06T16:00:00+00:00,terminal_alpha,congested,0.438627,-0.439184,0.757378,0.228245,0.425404,0.606149,-0.639688,0.424425,none,,0.0,0.402874,-0.411564,0.72474,0.473476,0.585631,0.623067,-0.788788,0.874567
2026-01-06T16:15:00+00:00,terminal_alpha,weather_disruption,0.60572,0.289461,0.682859,0.250917,0.211718,0.277819,-0.410005,0.665305,none,,0.0,0.551197,0.273572,0.6398,0.499307,0.466353,0.446402,-0.603059,0.875166
2026-01-06T16:30:00+00:00,terminal_alpha,weather_disruption,0.70807,0.629163,0.379643,0.505637,0.444351,0.661643,-0.484153,0.691238,none,,0.0,0.60853,0.564921,0.520721,0.579015,0.712507,0.793403,-0.781044,0.896862
2026-01-06T16:45:00+00:00,terminal_alpha,congested,-0.039441,0.442092,0.426299,0.588695,0.604628,0.457197,-0.184687,0.845896,none,,0.0,-0.032035,0.4019,0.510921,0.641566,0.724801,0.735459,-0.429233,0.842514
2026-01-06T17:00:00+00:00,terminal_alpha,weather_disruption,0.64964,0.148339,0.55708,0.330432,0.520724,0.85,-0.398886,0.610905,none,,0.0,0.57273,0.146254,0.663663,0.509564,0.706725,0.833785,-0.780428,0.89197
2026-01-06T17:15:00+00:00,terminal_alpha,congested,0.105971,0.238905,0.286605,0.785907,0.246369,-0.030413,-0.412981,0.566727,none,,0.0,0.087751,0.213223,0.265446,0.713033,0.628938,0.182215,-0.386119,0.701507
2026-01-06T17:30:00+00:00,terminal_alpha,normal,-0.387597,0.263546,0.072103,-0.03188,-0.026753,-0.243567,0.049456,0.20647,decrease_berth_occupancy,berth_occupancy,0.12,-0.369202,0.249412,0.024647,-0.014946,-0.149179,-0.193048,0.289518,0.032157
2026-01-06T17:45:00+00:00,terminal_alpha,weather_disruption,0.642651,0.349967,0.535546,0.779117,0.840843,0.144173,-0.095126,0.681887,none,,0.0,0.581706,0.351006,0.513799,0.7641,0.898811,0.609261,-0.301153,0.808732
2026-01-06T18:00:00+00:00,terminal_alpha,normal,-0.132936,0.074609,0.286498,-0.0251,-0.083985,-0.003527,0.13337,-0.093765,none,,0.0,-0.146754,0.071564,0.259302,0.092521,-0.150979,-0.0209,0.139282,-0.075849
2026-01-06T18:15:00+00:00,terminal_alpha,normal,0.101416,-0.077304,-0.016316,0.215978,-0.003699,0.33884,-0.259087,0.128559,none,,0.0,0.104333,-0.047617,0.070248,0.19852,0.149765,0.321577,-0.4427,0.391245
2026-01-06T18:30:00+00:00,terminal_alpha,normal,-0.152439,-0.280518,-0.206805,0.244089,-0.145281,-0.08255,-0.037414,0.347473,none,,0.0,-0.132919,-0.261136,-0.195895,0.177873,-0.013136,-0.268794,0.047305,0.194935
2026-01-06T18:45:00+00:00,terminal_alpha,weather_disruption,0.483742,0.301049,0.559641,-0.128383,0.571126,0.579287,-0.309506,0.619228,none,,0.0,0.436229,0.315384,0.617645,0.11116,0.567958,0.744286,-0.644089,0.861283
2026-01-06T19:00:00+00:00,terminal_alpha,normal,-0.197029,0.091954,-0.133754,-0.010787,-0.011311,-0.254501,0.154948,0.058612,none,,0.0,-0.226272,0.100688,-0.220513,-0.063151,-0.065648,-0.243656,0.326439,-0.220258
2026-01-06T19:15:00+00:00,terminal_alpha,congested,0.281004,0.305719,0.443416,0.239428,0.337463,0.274266,-0.139656,0.406155,none,,0.0,0.251548,0.301236,0.462942,0.397332,0.510318,0.517311,-0.347744,0.647849
2026-01-06T19:30:00+00:00,terminal_alpha,normal,-0.12513,0.05895,-0.099449,0.30729,-0.13817,-0.09758,-0.053952,-0.07873,none,,0.0,-0.096297,0.074611,-0.132086,0.269521,-0.002525,-0.180952,0.034907,-0.106389
2026-01-06T19:45:00+00:00,terminal_alpha,congested,0.043191,-0.181778,0.250495,0.590657,0.413783,0.408482,-0.431381,0.466242,none,,0.0,0.045666,-0.168492,0.361165,0.606108,0.635061,0.502981,-0.587568,0.735575
2026-01-06T20:00:00+00:00,terminal_alpha,normal,-0.390782,0.081107,0.126593,-0.011738,-0.175225,-0.139384,0.048506,0.216606,decrease_yard_density,yard_density,0.15,-0.352228,0.07264,0.095563,0.047787,-0.245079,-0.215328,0.220142,0.096708
2026-01-06T20:15:00+00:00,terminal_alpha,normal,-0.139334,0.177704,-0.001309,0.36137,-0.172341,0.253711,-0.164074,0.254893,none,,0.0,-0.158341,0.171381,0.086893,0.349251,-0.022617,0.215361,-0.266739,0.39196
2026-01-06T20:30:00+00:00,terminal_alpha,normal,-0.120638,0.236637,0.397219,-0.340266,0.23753,-0.434677,-0.264088,0.044955,none,,0.0,-0.135069,0.248494,0.269359,-0.190912,0.023475,-0.255155,0.035632,0.142366
2026-01-06T20:45:00+00:00,terminal_alpha,normal,0.533363,-0.219361,-0.205214,0.202213,-0.134259,-0.087678,-0.258057,-0.073608,none,,0.0,0.485249,-0.241862,-0.211894,0.097488,0.10674,-0.22007,-0.284943,0.107909
2026-01-06T21:00:00+00:00,terminal_alpha,normal,-0.074511,-0.003266,0.194072,-0.524028,-0.006104,-0.044115,-0.088014,0.099646,none,,0.0,-0.065243,-0.000741,0.186698,-0.418653,-0.333245,-0.018649,-0.060791,0.177785
2026-01-06T21:15:00+00:00,terminal_alpha,normal,-0.417408,-0.108931,0.183475,0.100477,-0.020669,0.126583,-0.233197,0.187307,none,,0.0,-0.383002,-0.111793,0.199002,0.15811,-0.064181,0.07026,-0.21572,0.293969
2026-01-06T21:30:00+00:00,terminal_alpha,weather_disruption,0.341743,0.497497,0.675305,0.515082,0.702728,0.619709,-0.462009,0.682445,none,,0.0,0.331474,0.461114,0.688085,0.673182,0.790187,0.821815,-0.70244,0.889166
2026-01-06T21:45:00+00:00,terminal_alpha,congested,-0.124371,0.386954,0.03032,0.727985,0.186107,0.417575,-0.166156,0.658952,none,,0.0,-0.109997,0.371937,0.134545,0.631137,0.518676,0.57393,-0.363907,0.699831
2026-01-06T22:00:00+00:00,terminal_alpha,normal,-0.152835,-0.004125,0.377336,0.323859,-0.179491,0.175599,0.299886,0.124382,none,,0.0,-0.145461,0.011441,0.393207,0.46492,-0.02965,0.079881,0.203776,0.129177
2026-01-06T22:15:00+00:00,terminal_alpha,congested,0.075403,-0.228241,0.720548,0.371714,0.392807,0.583505,-0.451323,0.325858,none,,0.0,0.085963,-0.244393,0.708772,0.585776,0.557857,0.617923,-0.683467,0.77993
2026-01-06T22:30:00+00:00,terminal_alpha,normal,-0.315172,0.034624,0.099551,0.323375,0.398468,0.03486,0.132809,-0.050581,decrease_berth_occupancy,berth_occupancy,0.12,-0.293855,0.042205,0.107393,0.341141,0.465279,0.231783,0.129481,-0.147358
2026-01-06T22:45:00+00:00,terminal_alpha,normal,-0.051934,-0.047771,-0.034281,0.007052,-0.115393,0.250117,0.196021,0.064036,none,,0.0,-0.036214,-0.025684,0.050426,-0.002983,-0.119051,0.165079,0.051266,0.029933
2026-01-06T23:00:00+00:00,terminal_alpha,normal,-0.123563,-0.054762,0.306354,0.051308,0.212825,0.239241,-0.23036,0.117177,none,,0.0,-0.13038,-0.06128,0.327486,0.19808,0.213822,0.328876,-0.335449,0.388593
2026-01-06T23:15:00+00:00,terminal_alpha,normal,-0.396209,-0.1764,-0.424988,-0.400028,-0.093209,0.173634,-0.14695,-0.085915,none,,0.0,-0.374697,-0.15955,-0.349463,-0.515445,-0.397541,0.061182,-0.171639,-0.138522
2026-01-06T23:30:00+00:00,terminal_alpha,congested,0.263908,0.229364,0.028817,0.498077,0.200944,0.624351,-0.634984,0.63495,none,,0.0,0.2522,0.222999,0.223598,0.495185,0.492905,0.654837,-0.789158,0.856069
2026-01-06T23:45:00+00:00,terminal_alpha,weather_disruption,0.785128,0.269044,0.138233,0.482686,0.20244,0.276259,-0.391392,0.416841,none,,0.0,0.657858,0.262403,0.217456,0.494778,0.607372,0.451813,-0.603969,0.739295
2026-01-07T00:00:00+00:00,terminal_alpha,normal,-0.207489,-0.040944,0.193607,-0.061115,-0.138559,0.117584,-0.021149,-0.121812,none,,0.0,-0.217919,-0.036028,0.216999,0.011965,-0.204974,-0.00717,-0.082961,-0.041216
2026-01-07T00:15:00+00:00,terminal_alpha,normal,-0.116825,0.072137,-0.113908,0.071377,0.038203,-0.220404,-0.107091,0.048599,none,,0.0,-0.10438,0.086253,-0.170125,0.027717,0.048686,-0.19313,0.038861,-0.061562
2026-01-07T00:30:00+00:00,terminal_alpha,normal,-0.128047,-0.378282,0.26861,0.049845,0.053604,0.290854,0.338173,-0.137483,none,,0.0,-0.118391,-0.346639,0.356585,0.151828,0.057388,0.183298,0.187871,-0.155251
2026-01-07T00:45:00+00:00,terminal_alpha,normal,-0.008749,-0.364934,0.544821,0.158566,0.211111,-0.21584,0.082944,0.752824,none,,0.0,-0.019587,-0.341006,0.465751,0.385415,0.309219,-0.203415,0.211616,0.663853
2026-01-07T01:00:00+00:00,terminal_alpha,normal,0.146987,-0.20462,-0.063845,-0.099608,0.063649,-0.086862,0.318904,-0.080217,decrease_yard_density,yard_density,0.15,0.151649,-0.211638,-0.093293,-0.133756,0.059249,-0.134972,0.343477,-0.251776
2026-01-07T01:15:00+00:00,terminal_alpha,congested,0.143005,0.287572,0.837956,0.85,-0.043692,0.284303,-0.167101,0.625227,none,,0.0,0.146777,0.282873,0.728322,0.830732,0.45842,0.338033,-0.345123,0.807805
2026-01-07T01:30:00+00:00,terminal_alpha,normal,0.149447,-0.234215,0.396468,0.077986,0.152547,0.046653,0.196323,-0.054643,none,,0.0,0.146911,-0.233893,0.398393,0.23554,0.212848,0.048168,0.148053,0.034645
2026-01-07T01:45:00+00:00,terminal_alpha,normal,-0.161156,-0.604339,0.254259,0.489152,0.254479,0.193459,0.101469,-0.2997,none,,0.0,-0.143002,-0.534285,0.293787,0.502321,0.446637,0.14422,0.011681,-0.235325
2026-01-07T02:00:00+00:00,terminal_alpha,congested,0.040772,0.317318,0.619803,0.442151,0.357611,0.477484,-0.19658,0.38306,none,,0.0,0.084301,0.299189,0.626637,0.603149,0.553797,0.654859,-0.457408,0.706068
2026-01-07T02:15:00+00:00,terminal_alpha,normal,-0.315299,0.01891,0.38424,-0.335451,-0.112901,0.064984,0.117428,-0.095005,none,,0.0,-0.303843,-0.005234,0.374175,-0.136586,-0.39157,-0.001862,0.141269,-0.054333
2026-01-07T02:30:00+00:00,terminal_alpha,normal,0.189327,0.164967,-0.130066,0.494165,0.178788,-0.20186,-0.042821,0.377603,none,,0.0,0.185331,0.168798,-0.205948,0.405029,0.480339,-0.056378,0.020732,0.297362
2026-01-07T02:45:00+00:00,terminal_alpha,normal,-0.342132,-0.238369,0.10648,0.062271,0.315486,0.276406,0.338473,-0.126251,none,,0.0,-0.323789,-0.24154,0.207918,0.094753,0.261027,0.370543,0.222724,-0.254767
2026-01-07T03:00:00+00:00,terminal_alpha,normal,0.277793,0.006947,0.20102,0.27149,0.152732,-0.411528,0.181107,-0.285897,none,,0.0,0.290726,0.018209,0.078648,0.339772,0.339913,-0.335687,0.367375,-0.361739
2026-01-07T03:15:00+00:00,terminal_alpha,congested,0.163742,0.159403,0.605085,0.781367,0.649772,0.585056,-0.344736,0.6509,none,,0.0,0.160862,0.171863,0.649994,0.767558,0.813497,0.766698,-0.626712,0.857911
2026-01-07T03:30:00+00:00,terminal_alpha,normal,-0.139337,0.003083,-0.047391,0.270871,-0.153092,0.142092,0.207444,0.018221,decrease_berth_occupancy,berth_occupancy,0.12,-0.145856,0.000322,-0.001136,0.253834,0.007613,0.059418,0.160751,-0.083738
2026-01-07T03:45:00+00:00,terminal_alpha,normal,-0.033218,-0.179993,0.198303,0.420642,-0.067201,0.037515,0.454799,0.055557,none,,0.0,-0.052313,-0.187263,0.200016,0.463264,0.178272,-0.059761,0.411873,-0.121765
2026-01-07T04:00:00+00:00,terminal_alpha,normal,0.027008,0.318403,-0.375353,-0.234741,0.148775,-0.105522,-0.205238,-0.116487,none,,0.0,0.04235,0.314433,-0.382182,-0.369111,0.050497,0.07394,-0.142681,-0.164555
2026-01-07T04:15:00+00:00,terminal_alpha,normal,-0.274431,0.112221,0.281423,0.032606,0.109446,-0.119259,0.332948,0.052316,none,,0.0,-0.276105,0.130189,0.245375,0.146231,0.047745,-0.029238,0.436668,-0.132827
2026-01-07T04:30:00+00:00,terminal_alpha,congested,0.219229,0.120983,0.85,0.278565,0.560055,0.85,-0.397199,0.183955,none,,0.0,0.212334,0.105353,0.793109,0.564963,0.642067,0.838433,-0.738385,0.781289
2026-01-07T04:45:00+00:00,terminal_alpha,congested,-0.049629,-0.013801,0.4744,0.733029,0.604623,0.85,-0.710119,0.85,none,,0.0,-0.028149,-0.019423,0.614405,0.737535,0.771935,0.830305,-0.83391,0.932257
2026-01-07T05:00:00+00:00,terminal_alpha,normal,-0.670335,-0.118703,-0.09461,-0.496551,0.394317,0.182525,-0.177663,-0.056973,none,,0.0,-0.577562,-0.143906,-0.058686,-0.488978,-0.059093,0.355597,-0.176379,-0.038318
2026-01-07T05:15:00+00:00,terminal_alpha,congested,-0.163625,0.304181,0.85,0.329453,0.350845,0.617891,-0.04671,0.566567,none,,0.0,-0.150507,0.272895,0.762596,0.58877,0.462791,0.714578,-0.375039,0.785916
2026-01-07T05:30:00+00:00,terminal_alpha,weather_disruption,0.813876,0.695589,0.532714,0.298207,0.420453,0.489154,-0.330906,0.378867,none,,0.0,0.669551,0.603728,0.586805,0.474759,0.660932,0.729321,-0.662349,0.798882
2026-01-07T05:45:00+00:00,terminal_alpha,weather_disruption,0.846558,0.576063,0.553677,0.305862,0.558696,0.550617,-0.465802,0.770523,none,,0.0,0.680737,0.528553,0.610302,0.489743,0.731375,0.765741,-0.747331,0.919592
2026-01-07T06:00:00+00:00,terminal_alpha,weather_disruption,0.536946,0.778809,0.370596,0.085565,0.356019,0.231652,-0.435357,0.561597,decrease_yard_density,yard_density,0.15,0.500057,0.653989,0.412654,0.235872,0.484944,0.595516,-0.583475,0.80464
2026-01-07T06:15:00+00:00,terminal_alpha,normal,-0.355554,0.122599,-0.284164,0.209495,-0.045186,0.332742,0.188255,0.220846,none,,0.0,-0.357541,0.113047,-0.181235,0.084871,-0.008917,0.363648,0.029921,0.053685
2026-01-07T06:30:00+00:00,terminal_alpha,normal,-0.246169,-0.053128,-0.019226,0.059652,-0.147711,-0.046814,0.320773,-0.02781,none,,0.0,-0.253695,-0.039829,-0.036208,0.056,-0.172001,-0.139716,0.37132,-0.266029
2026-01-07T06:45:00+00:00,terminal_alpha,congested,-0.056256,0.692172,0.368058,0.757889,0.506353,0.451601,-0.391174,0.702487,none,,0.0,-0.032734,0.586455,0.485239,0.726643,0.725921,0.743974,-0.570098,0.82578
2026-01-07T07:00:00+00:00,terminal_alpha,normal,-0.154035,0.101116,0.039225,-0.132609,0.235544,0.148815,0.711338,0.416044,none,,0.0,-0.144554,0.116823,0.102297,-0.106936,0.130357,0.286767,0.566522,0.072344
2026-01-07T07:15:00+00:00,terminal_alpha,normal,-0.347184,-0.243525,0.320259,0.417735,-0.121893,-0.008117,0.235746,0.087664,none,,0.0,-0.320521,-0.225204,0.290964,0.488057,0.046464,-0.119219,0.300325,-0.025695
2026-01-07T07:30:00+00:00,terminal_alpha,normal,-0.11498,-0.002707,0.158901,0.324585,0.042836,-0.252569,0.257798,-0.4083,none,,0.0,-0.132562,-0.027049,0.065192,0.407218,0.203544,-0.25019,0.423629,-0.541949
2026-01-07T07:45:00+00:00,terminal_alpha,normal,0.125452,-0.288791,0.088738,-0.156742,-0.026392,0.098457,0.076804,0.019593,none,,0.0,0.122558,-0.290054,0.108737,-0.121125,-0.094315,-0.00781,-0.013473,0.085726
2026-01-07T08:00:00+00:00,terminal_alpha,normal,-0.302157,0.092701,0.310009,0.07004,0.143034,-0.254961,-0.232422,0.028583,none,,0.0,-0.281324,0.113249,0.240504,0.187893,0.091363,-0.138801,-0.021734,0.103942
2026-01-07T08:15:00+00:00,terminal_alpha,congested,1.5e-05,-0.270846,0.171966,0.539544,0.226188,0.445166,-0.285711,0.623812,none,,0.0,-0.024405,-0.268301,0.289908,0.563896,0.488398,0.425886,-0.526113,0.766469
2026-01-07T08:30:00+00:00,terminal_alpha,congested,0.163727,0.048895,0.228211,0.406002,0.637379,0.243142,0.09545,0.169796,decrease_berth_occupancy,berth_occupancy,0.12,0.169531,0.055819,0.280226,0.447168,0.730877,0.543369,-0.100469,0.323201
2026-01-07T08:45:00+00:00,terminal_alpha,congested,0.135063,-0.104208,0.85,0.419733,0.85,0.463843,-0.490942,0.152445,none,,0.0,0.14042,-0.098956,0.757325,0.652797,0.808851,0.701092,-0.667942,0.718518
2026-01-07T09:00:00+00:00,terminal_alpha,congested,0.271817,0.270921,0.516089,0.505073,-0.185723,0.685681,-0.216127,0.555042,none,,0.0,0.260486,0.275486,0.612107,0.612192,0.165108,0.580986,-0.599365,0.807734
2026-01-07T09:15:00+00:00,terminal_alpha,normal,-0.251627,0.108303,0.590613,-0.473635,0.225476,-0.113535,-0.072367,-0.125887,none,,0.0,-0.243386,0.114326,0.534516,-0.23039,-0.12322,0.014326,0.030486,0.01816
2026-01-07T09:30:00+00:00,terminal_alpha,normal,-0.397235,-0.140987,-0.149289,0.27443,-0.03196,-0.000538,-0.03887,-0.137265,none,,0.0,-0.359177,-0.145483,-0.170053,0.204946,0.037166,-0.041502,0.052296,-0.236644
2026-01-07T09:45:00+00:00,terminal_alpha,congested,0.085769,-0.018981,0.85,0.554453,0.63487,0.713221,-0.641704,0.60685,none,,0.0,0.075398,-0.040024,0.77667,0.723303,0.761601,0.786695,-0.796271,0.905565
2026-01-07T10:00:00+00:00,terminal_alpha,congested,-0.140484,-0.084489,0.448887,0.546588,-0.029254,0.30731,-0.606758,0.803575,none,,0.0,-0.14357,-0.067584,0.490955,0.616349,0.260432,0.226177,-0.644094,0.874925
2026-01-07T10:15:00+00:00,terminal_alpha,normal,0.150939,-0.430396,-0.183676,-0.299249,-0.1096,-0.130041,0.108388,0.270332,none,,0.0,0.144265,-0.406551,-0.239685,-0.346794,-0.240917,-0.309369,0.174079,0.136197
2026-01-07T10:30:00+00:00,terminal_alpha,weather_disruption,0.668302,0.669935,0.239316,0.549283,0.335968,0.525588,-0.572939,0.582004,none,,0.0,0.579265,0.591398,0.384441,0.584255,0.683144,0.717183,-0.769615,0.854735
2026-01-07T10:45:00+00:00,terminal_alpha,normal,-0.479151,-0.082644,0.140703,-0.031374,0.108656,0.032558,0.000868,-0.374857,none,,0.0,-0.445716,-0.075628,0.13849,0.043177,-0.046117,0.075447,0.071819,-0.41263
2026-01-07T11:00:00+00:00,terminal_alpha,normal,0.117526,0.391518,0.067694,-0.074154,-0.309618,-0.077657,0.197378,0.138909,decrease_yard_density,yard_density,0.15,0.071652,0.346496,0.082977,-0.030324,-0.311207,-0.123886,0.208433,0.064161
2026-01-07T11:15:00+00:00,terminal_alpha,congested,-0.135075,0.318885,0.445291,0.85,0.149685,0.395114,-0.631649,0.777307,none,,0.0,-0.127185,0.327688,0.486017,0.777041,0.540145,0.511954,-0.684513,0.876417
2026-01-07T11:30:00+00:00,terminal_alpha,normal,0.018419,0.185168,-0.347568,-0.075053,-0.126331,-0.042227,0.171857,-0.006844,none,,0.0,0.034096,0.200939,-0.35867,-0.215493,-0.143366,-0.083204,0.167805,-0.238856
2026-01-07T11:45:00+00:00,terminal_alpha,weather_disruption,0.289687,0.159618,0.585891,0.31751,0.415522,0.728959,-0.798718,0.528192,none,,0.0,0.29464,0.146596,0.669105,0.487249,0.592913,0.759059,-0.861402,0.902959
2026-01-07T12:00:00+00:00,terminal_alpha,weather_disruption,0.573515,0.387939,0.451109,0.128064,0.85,0.005829,-0.471999,0.772139,none,,0.0,0.509655,0.371992,0.418537,0.305688,0.786757,0.539901,-0.500818,0.85631
2026-01-07T12:15:00+00:00,terminal_alpha,normal,0.086484,-0.227846,0.378428,-0.739084,0.25512,-0.033867,0.017796,0.027326,none,,0.0,0.104182,-0.230377,0.334952,-0.540654,-0.162981,0.031327,0.006911,0.159123
2026-01-07T12:30:00+00:00,terminal_alpha,normal,-0.135083,-0.272762,0.06398,-0.038367,0.01591,0.006046,0.28859,-0.023233,none,,0.0,-0.127913,-0.2669,0.075093,0.000232,-0.013448,-0.067565,0.308131,-0.183191
2026-01-07T12:45:00+00:00,terminal_alpha,weather_disruption,0.638157,0.463932,0.73736,0.423173,0.588291,0.301498,-0.054405,0.391361,none,,0.0,0.563408,0.442475,0.672394,0.630227,0.7431,0.641088,-0.332645,0.699711
2026-01-07T13:00:00+00:00,terminal_alpha,normal,-0.086696,-0.558036,-0.070642,0.288092,-0.436048,0.216069,0.113052,0.029701,none,,0.0,-0.121814,-0.500029,-0.033541,0.245429,-0.26161,-0.207357,-0.01712,-0.019103
2026-01-07T13:15:00+00:00,terminal_alpha,normal,-0.200118,0.014368,0.023938,-0.067847,-0.010813,0.203405,-0.137469,0.31396,none,,0.0,-0.215584,0.003225,0.095693,-0.057034,-0.096362,0.177392,-0.216547,0.413796
2026-01-07T13:30:00+00:00,terminal_alpha,normal,0.072136,-0.134892,-0.374563,0.014159,0.091277,0.109469,0.110521,0.015473,decrease_berth_occupancy,berth_occupancy,0.12,0.088289,-0.121722,-0.343645,-0.155105,0.124061,0.096253,0.022526,-0.120933
2026-01-07T13:45:00+00:00,terminal_alpha,congested,0.308335,0.506311,0.594651,0.415579,0.081503,0.281418,-0.25173,0.384482,none,,0.0,0.295366,0.464907,0.57247,0.585972,0.383943,0.452877,-0.458298,0.705826
2026-01-07T14:00:00+00:00,terminal_alpha,congested,0.203476,0.123916,0.681885,0.434649,0.282869,0.360066,-0.294265,0.127378,none,,0.0,0.178337,0.123869,0.649818,0.583289,0.518584,0.499733,-0.496015,0.592833
2026-01-07T14:15:00+00:00,terminal_alpha,normal,-0.220913,-0.044295,0.081928,-0.223333,-0.180474,-0.126922,-0.273383,0.120963,none,,0.0,-0.217655,-0.06174,0.056111,-0.191441,-0.337358,-0.240079,-0.132563,0.181984
2026-01-07T14:30:00+00:00,terminal_alpha,normal,0.145552,-0.099456,-0.086642,0.048344,-0.030287,-0.237191,0.332769,-0.206052,none,,0.0,0.145452,-0.087974,-0.140248,0.018035,0.04879,-0.293561,0.41001,-0.426394
2026-01-07T14:45:00+00:00,terminal_alpha,congested,0.082563,-0.001832,0.371173,0.811279,0.532365,0.85,-0.506459,0.555862,none,,0.0,0.094694,-0.000714,0.534199,0.737997,0.773897,0.813165,-0.785334,0.85493
2026-01-07T15:00:00+00:00,terminal_alpha,normal,0.066465,-0.270004,0.094981,0.137976,0.174897,0.36455,-0.137022,-0.289075,none,,0.0,0.072759,-0.266097,0.186134,0.162959,0.277008,0.375897,-0.343981,-0.036023
2026-01-07T15:15:00+00:00,terminal_alpha,normal,-0.216458,0.214486,-0.192742,-0.041575,-0.088285,-0.477621,0.48976,0.129624,none,,0.0,-0.210479,0.214234,-0.310576,-0.098632,-0.141416,-0.434987,0.678378,-0.38881
2026-01-07T15:30:00+00:00,terminal_alpha,congested,0.084037,0.216303,0.73999,0.809588,0.533384,0.452458,-0.364024,0.511548,none,,0.0,0.092815,0.214874,0.70896,0.806982,0.76592,0.676161,-0.593875,0.816291
2026-01-07T15:45:00+00:00,terminal_alpha,normal,-0.261332,-0.231318,-0.234183,-0.354168,-0.0874,0.113058,-0.082725,0.244588,none,,0.0,-0.269124,-0.221297,-0.203011,-0.432971,-0.35719,0.010707,-0.108081,0.16204
2026-01-07T16:00:00+00:00,terminal_alpha,congested,-0.165779,0.054729,0.822093,0.618029,0.54035,0.423815,-0.17781,0.64455,decrease_yard_density,yard_density,0.15,-0.151401,0.037054,0.737937,0.752974,0.686075,0.628195,-0.395405,0.808986
2026-01-07T16:15:00+00:00,terminal_alpha,normal,-0.295514,-0.254122,0.095699,0.1531,-0.102563,0.005951,-0.310806,0.270184,none,,0.0,-0.288273,-0.257723,0.055904,0.198333,-0.100147,-0.111679,-0.269308,0.35618
2026-01-07T16:30:00+00:00,terminal_alpha,congested,0.117665,-0.370523,0.85,0.386844,-0.147761,0.85,-0.575512,0.189416,none,,0.0,0.115344,-0.352896,0.791863,0.636934,0.105517,0.594899,-0.80816,0.80006
2026-01-07T16:45:00+00:00,terminal_alpha,congested,0.125604,0.148485,0.488393,0.85,0.629923,0.502551,-0.34432,0.284353,none,,0.0,0.105733,0.134659,0.555431,0.780002,0.818206,0.723673,-0.615154,0.677091
2026-01-07T17:00:00+00:00,terminal_alpha,weather_disruption,0.52869,0.380617,0.495789,0.430892,0.499073,0.85,-0.703741,0.317616,none,,0.0,0.492607,0.362053,0.617477,0.565581,0.703959,0.840438,-0.869413,0.856956
2026-01-07T17:15:00+00:00,terminal_alpha,normal,0.235436,-0.382442,-0.116067,0.264012,0.10922,-0.131216,0.298492,-0.149477,none,,0.0,0.24156,-0.370717,-0.166872,0.185753,0.311973,-0.198357,0.355182,-0.317339
2026-01-07T17:30:00+00:00,terminal_alpha,congested,-0.064744,0.530467,0.817052,0.709674,0.228553,0.599389,-0.718741,0.387797,none,,0.0,-0.045162,0.475796,0.746483,0.776835,0.536392,0.706381,-0.796549,0.848133
2026-01-07T17:45:00+00:00,terminal_alpha,weather_disruption,0.351629,0.459809,0.85,0.311535,0.665819,0.623605,-0.554613,0.279327,none,,0.0,0.33385,0.406224,0.773434,0.576653,0.733501,0.80764,-0.764766,0.820184
2026-01-07T18:00:00+00:00,terminal_alpha,normal,-0.269736,-0.444648,0.15098,0.256778,0.259966,-0.271687,0.05883,0.21399,none,,0.0,-0.266205,-0.407848,0.084223,0.31147,0.326835,-0.245452,0.262359,0.066458
2026-01-07T18:15:00+00:00,terminal_alpha,congested,0.103235,-0.026333,0.765908,0.161853,0.624114,0.683225,-0.199596,0.7046,none,,0.0,0.102637,-0.037218,0.75978,0.469152,0.630701,0.768379,-0.567053,0.87129
2026-01-07T18:30:00+00:00,terminal_alpha,congested,0.250986,-0.027269,0.336469,0.588371,0.2067,0.390605,-0.295998,0.36749,decrease_berth_occupancy,berth_occupancy,0.12,0.220568,-0.00631,0.412749,0.629981,0.532758,0.467803,-0.526675,0.677954
2026-01-07T18:45:00+00:00,terminal_alpha,congested,-0.092306,0.363137,0.85,0.484099,0.283883,0.671278,-0.034365,0.372013,none,,0.0,-0.081727,0.361584,0.771417,0.675872,0.501224,0.743174,-0.421713,0.7233
2026-01-07T19:00:00+00:00,terminal_alpha,weather_disruption,0.779702,0.62773,0.359693,-0.010468,0.392935,0.367031,-0.292925,0.441974,none,,0.0,0.643641,0.551595,0.445379,0.125207,0.523408,0.635825,-0.552641,0.756838
2026-01-07T19:15:00+00:00,terminal_alpha,normal,-0.070762,-0.307849,-0.0327,0.045045,-0.031027,-0.130572,0.047558,-0.439449,none,,0.0,-0.057354,-0.295599,-0.049365,0.020015,-0.031137,-0.237986,0.136701,-0.481109
2026-01-07T19:30:00+00:00,terminal_alpha,congested,0.021183,0.117456,0.585533,0.85,0.436572,0.458136,-0.384296,0.473557,none,,0.0,0.046133,0.127672,0.607707,0.787611,0.748829,0.617645,-0.586647,0.777868
2026-01-07T19:45:00+00:00,terminal_alpha,congested,0.177211,0.068578,0.85,0.4093,0.781033,0.677427,-0.027183,0.819014,none,,0.0,0.180349,0.090933,0.774532,0.656656,0.784217,0.81412,-0.434117,0.888197
2026-01-07T20:00:00+00:00,terminal_alpha,normal,-0.00449,-0.568602,-0.264708,-0.109222,-0.29532,-0.368465,0.085891,0.084612,none,,0.0,-0.002324,-0.501456,-0.351791,-0.222027,-0.358504,-0.606305,0.301831,-0.183195
2026-01-07T20:15:00+00:00,terminal_alpha,normal,-0.379027,0.039158,0.025363,-0.078542,-0.129694,-0.431968,-0.092157,0.178266,none,,0.0,-0.360193,0.050532,-0.073206,-0.096853,-0.267871,-0.457429,0.24497,-0.002504
2026-01-07T20:30:00+00:00,terminal_alpha,normal,-0.261883,-0.244094,0.389594,0.359422,0.279809,0.438204,-0.009711,0.288472,none,,0.0,-0.257704,-0.241695,0.504899,0.45994,0.403637,0.48102,-0.21517,0.493814
2026-01-07T20:45:00+00:00,terminal_alpha,normal,-0.032405,-0.063801,0.532813,0.239331,0.148126,-0.040199,0.246181,-0.1098,none,,0.0,-0.029634,-0.040348,0.466443,0.41857,0.261922,0.024311,0.261498,-0.069817
2026-01-07T21:00:00+00:00,terminal_alpha,congested,0.09629,0.126166,0.381353,0.526603,0.298426,0.520965,-0.360931,0.277507,decrease_yard_density,yard_density,0.15,0.08332,0.179222,0.498859,0.602222,0.551657,0.623681,-0.596782,0.668151
2026-01-07T21:15:00+00:00,terminal_alpha,normal,-0.185007,0.018772,-0.043187,0.285516,-0.391811,-0.311649,0.262646,-0.097355,none,,0.0,-0.188739,-0.009706,-0.123773,0.269805,-0.23365,-0.498474,0.446836,-0.355561
2026-01-07T21:30:00+00:00,terminal_alpha,normal,-0.117984,0.043783,0.018291,0.059676,-0.020631,0.31253,0.069269,0.129802,none,,0.0,-0.115447,0.038484,0.094278,0.070816,-0.010604,0.309661,-0.085398,0.180691
2026-01-07T21:45:00+00:00,terminal_alpha,congested,0.163309,-0.025745,0.85,0.837593,0.289538,0.508579,-0.628841,0.491665,none,,0.0,0.159264,-0.013667,0.749893,0.827235,0.663516,0.566289,-0.753582,0.870262
2026-01-07T22:00:00+00:00,terminal_alpha,congested,-0.055816,0.198675,0.571489,0.354258,0.704922,0.208049,-0.051297,0.209538,none,,0.0,-0.045365,0.182441,0.556677,0.531209,0.711668,0.582654,-0.160637,0.473693
2026-01-07T22:15:00+00:00,terminal_alpha,normal,-0.568566,0.145129,0.103112,0.05073,0.257505,0.06426,-0.090498,0.231863,none,,0.0,-0.501964,0.126701,0.120857,0.078925,0.17165,0.268216,-0.014751,0.216054
2026-01-07T22:30:00+00:00,terminal_alpha,weather_disruption,0.412591,0.449142,0.718357,0.559056,0.668735,0.492358,-0.712151,0.659929,none,,0.0,0.42671,0.408479,0.687751,0.687744,0.796474,0.769015,-0.796219,0.916196
2026-01-07T22:45:00+00:00,terminal_alpha,congested,0.06001,0.574305,0.85,0.37534,0.674089,0.384393,-0.57943,0.610055,none,,0.0,0.042837,0.524191,0.750874,0.619606,0.726423,0.722528,-0.676253,0.87563
2026-01-07T23:00:00+00:00,terminal_alpha,congested,0.094349,0.327275,0.654237,0.418179,0.645668,0.848263,-0.555026,0.003616,none,,0.0,0.106135,0.332136,0.705419,0.618897,0.717423,0.867758,-0.793182,0.697365
2026-01-07T23:15:00+00:00,terminal_alpha,congested,0.489473,0.04628,0.776706,0.791665,0.485256,0.598747,-0.429073,0.793186,none,,0.0,0.443167,0.051589,0.721213,0.812849,0.785258,0.707526,-0.711987,0.922888
2026-01-07T23:30:00+00:00,terminal_alpha,congested,0.424778,0.387586,0.260558,0.155206,0.773141,0.551978,-0.446448,0.668539,decrease_berth_occupancy,berth_occupancy,0.12,0.374135,0.362672,0.401939,0.247232,0.737218,0.796141,-0.699202,0.856644
2026-01-07T23:45:00+00:00,terminal_alpha,normal,-0.025563,-0.160548,0.209966,0.140276,0.313171,0.184063,0.615485,0.185385,none,,0.0,-0.027975,-0.160886,0.238354,0.212542,0.372572,0.312798,0.459178,-0.01604
2026-01-08T00:00:00+00:00,terminal_alpha,congested,-0.089681,0.625683,0.85,0.703402,0.434824,0.516474,-0.246182,0.419127,none,,0.0,-0.095741,0.544572,0.767573,0.781988,0.676117,0.749862,-0.49937,0.75744
2026-01-08T00:15:00+00:00,terminal_alpha,normal,-0.374052,-0.066469,0.14467,-0.101876,0.05223,-0.022331,0.111947,-0.035436,none,,0.0,-0.360248,-0.079494,0.182338,0.000934,-0.095894,-0.003784,0.189078,-0.150516
2026-01-08T00:30:00+00:00,terminal_alpha,congested,0.800583,0.185582,0.121034,0.642903,0.441928,0.85,-0.305176,0.318966,none,,0.0,0.656095,0.166931,0.3493,0.58473,0.75867,0.817139,-0.742384,0.763838
2026-01-08T00:45:00+00:00,terminal_alpha,congested,0.114518,0.357358,0.648023,0.840778,0.679177,0.475568,-0.537002,0.511822,none,,0.0,0.123596,0.34116,0.643596,0.805552,0.831085,0.742863,-0.690625,0.841468
2026-01-08T01:00:00+00:00,terminal_alpha,weather_disruption,0.255053,0.544426,0.488629,0.234254,0.329975,0.319905,-0.184036,0.522472,none,,0.0,0.24586,0.478727,0.518403,0.416153,0.496784,0.584,-0.416927,0.729748
2026-01-08T01:15:00+00:00,terminal_alpha,congested,0.309023,-0.094225,0.604961,0.340347,0.85,0.363425,-0.622051,0.556546,none,,0.0,0.28175,-0.113101,0.608619,0.546584,0.805709,0.660776,-0.731163,0.861021
2026-01-08T01:30:00+00:00,terminal_alpha,congested,-0.062934,0.427363,0.247266,0.85,0.247102,0.743659,-0.553064,0.280656,none,,0.0,-0.055774,0.402792,0.436625,0.737118,0.617179,0.766984,-0.77128,0.715628
2026-01-08T01:45:00+00:00,terminal_alpha,weather_disruption,0.624775,0.247898,0.333833,0.4133,0.119485,0.358658,-0.56902,0.63715,none,,0.0,0.547206,0.23204,0.386711,0.504325,0.455258,0.470769,-0.715331,0.859638
2026-01-08T02:00:00+00:00,terminal_alpha,normal,0.091927,-0.173218,0.254217,-0.229397,0.088558,-0.582311,0.222897,-0.372379,decrease_yard_density,yard_density,0.15,0.076957,-0.175878,0.105028,-0.13547,-0.017198,-0.531236,0.533844,-0.547506
2026-01-08T02:15:00+00:00,terminal_alpha,normal,-0.180528,-0.009862,0.119293,-0.067964,-0.012116,-0.105718,0.334389,0.313689,none,,0.0,-0.186188,-0.000924,0.098981,-0.025878,-0.072905,-0.110589,0.399065,0.106337
2026-01-08T02:30:00+00:00,terminal_alpha,normal,-0.288075,0.265007,0.075467,0.066063,-0.098242,-0.206021,-0.080981,0.594231,none,,0.0,-0.286309,0.257049,0.008374,0.086123,-0.135154,-0.16674,0.067923,0.472106
2026-01-08T02:45:00+00:00,terminal_alpha,weather_disruption,0.413476,0.645568,0.356203,-0.009647,0.670664,0.062238,-0.451418,0.679601,none,,0.0,0.394843,0.564528,0.371773,0.127407,0.654224,0.545372,-0.511849,0.813058
2026-01-08T03:00:00+00:00,terminal_alpha,normal,-0.347621,-0.472,0.060691,-0.309353,0.055929,0.311763,0.050325,0.314248,none,,0.0,-0.347635,-0.442317,0.139728,-0.271386,-0.176422,0.193737,-0.093338,0.345481
2026-01-08T03:15:00+00:00,terminal_alpha,normal,-0.075296,0.158454,0.28192,0.195361,-0.394743,0.349333,0.629366,-0.136652,none,,0.0,-0.083619,0.157803,0.359974,0.305668,-0.282792,0.176088,0.41566,-0.266351
2026-01-08T03:30:00+00:00,terminal_alpha,congested,0.267732,0.258046,0.685809,0.679798,0.329798,0.435973,-0.637909,0.85,none,,0.0,0.24257,0.258335,0.662634,0.751897,0.653791,0.623309,-0.738633,0.927287
2026-01-08T03:45:00+00:00,terminal_alpha,congested,-0.036477,-0.060233,0.719878,0.384205,0.552442,0.380711,-0.313696,0.280656,none,,0.0,-0.036569,-0.078326,0.678633,0.590658,0.637478,0.577511,-0.490889,0.661497
2026-01-08T04:00:00+00:00,terminal_alpha,congested,-0.5698,0.493465,0.779218,0.720011,0.532302,0.460597,-0.084267,0.413772,none,,0.0,-0.521448,0.449707,0.728319,0.781337,0.677988,0.720505,-0.231504,0.629767
2026-01-08T04:15:00+00:00,terminal_alpha,normal,-0.277417,-0.002949,0.150509,0.065276,0.027879,-0.069991,0.20103,0.146531,none,,0.0,-0.246723,0.004756,0.138355,0.117334,0.002481,-0.067725,0.296541,0.030583
2026-01-08T04:30:00+00:00,terminal_alpha,normal,-0.05828,-0.244696,-0.065001,0.208626,0.114582,-0.233547,-0.049971,-0.45966,decrease_berth_occupancy,berth_occupancy,0.12,-0.05234,-0.231553,-0.146311,0.183759,0.206213,-0.249767,0.125184,-0.494977
2026-01-08T04:45:00+00:00,terminal_alpha,normal,-0.281806,0.018491,0.35787,-0.049606,0.024048,0.08704,-0.016158,-0.135191,none,,0.0,-0.274972,0.002243,0.386372,0.10298,-0.089635,0.088016,-0.013782,-0.027419
2026-01-08T05:00:00+00:00,terminal_alpha,weather_disruption,0.567623,0.408826,0.6455,0.611178,0.538023,0.002356,-0.546704,0.616839,none,,0.0,0.507326,0.393358,0.567264,0.697674,0.759824,0.385027,-0.580724,0.848938
2026-01-08T05:15:00+00:00,terminal_alpha,congested,0.307641,-0.073482,0.759714,0.576228,0.197624,0.659952,-0.175944,0.760243,none,,0.0,0.284266,-0.09217,0.744788,0.706134,0.541044,0.647691,-0.570852,0.887321
2026-01-08T05:30:00+00:00,terminal_alpha,normal,-0.044168,0.189883,-0.05615,0.0325,0.122548,0.134067,0.14458,-0.010974,none,,0.0,-0.031643,0.188941,-0.02826,0.003378,0.117251,0.233101,0.059958,-0.069092
2026-01-08T05:45:00+00:00,terminal_alpha,normal,-0.403105,0.183986,-0.523045,-0.138377,0.003042,0.23278,-0.169389,0.148554,none,,0.0,-0.351709,0.185617,-0.437337,-0.347567,-0.167019,0.264022,-0.246047,0.051005
2026-01-08T06:00:00+00:00,terminal_alpha,congested,0.190674,0.282078,0.703545,0.85,0.553774,0.481881,-0.459384,0.489283,none,,0.0,0.180799,0.28749,0.702282,0.815479,0.803878,0.704017,-0.666986,0.833615
2026-01-08T06:15:00+00:00,terminal_alpha,congested,0.059223,0.073808,0.285707,0.638016,0.621622,0.527671,-0.607119,0.220462,none,,0.0,0.099861,0.068891,0.405139,0.64939,0.765318,0.716896,-0.746453,0.687185
2026-01-08T06:30:00+00:00,terminal_alpha,normal,0.092506,-0.443713,0.303524,0.078147,0.132353,0.07496,0.220402,0.277261,none,,0.0,0.10075,-0.431573,0.330065,0.206989,0.171286,0.023041,0.177296,0.305895
2026-01-08T06:45:00+00:00,terminal_alpha,congested,0.143906,0.148359,0.523219,0.85,0.380431,0.85,-0.585878,0.266518,none,,0.0,0.161127,0.138949,0.656395,0.787184,0.720466,0.8006,-0.804466,0.803232
2026-01-08T07:00:00+00:00,terminal_alpha,normal,-0.211275,-0.628765,0.179499,-0.274067,0.040706,0.359463,0.444821,-0.038252,decrease_yard_density,yard_density,0.15,-0.200995,-0.562582,0.25951,-0.209493,-0.153701,0.182681,0.259128,-0.116626
2026-01-08T07:15:00+00:00,terminal_alpha,congested,0.359341,0.027523,0.85,0.288639,0.380387,0.351124,-0.44927,0.404614,none,,0.0,0.351245,0.031306,0.733058,0.595792,0.568755,0.526499,-0.630389,0.811544
2026-01-08T07:30:00+00:00,terminal_alpha,congested,0.079798,0.362245,0.753305,0.85,0.393269,0.691943,-0.580845,0.378077,none,,0.0,0.071011,0.367595,0.745278,0.822759,0.726002,0.771376,-0.777496,0.828654
2026-01-08T07:45:00+00:00,terminal_alpha,weather_disruption,0.405819,0.498769,0.85,0.346725,0.466463,0.268033,-0.208727,0.327375,none,,0.0,0.382223,0.475584,0.728655,0.596438,0.64703,0.585836,-0.416035,0.71916
2026-01-08T08:00:00+00:00,terminal_alpha,congested,0.281917,-0.02154,0.624851,0.46516,0.555164,0.622259,-0.354534,0.571953,none,,0.0,0.274633,-0.021489,0.657741,0.62292,0.723363,0.72541,-0.670916,0.854915
2026-01-08T08:15:00+00:00,terminal_alpha,normal,-0.054745,-0.503288,0.177252,0.641468,0.102168,0.232102,0.106566,0.112378,none,,0.0,-0.056337,-0.450213,0.25063,0.616677,0.423703,0.115522,-0.022937,0.193711
2026-01-08T08:30:00+00:00,terminal_alpha,congested,0.135163,-0.052919,0.208817,0.193963,0.435964,0.725897,-0.023377,0.117911,none,,0.0,0.148083,-0.049657,0.385277,0.284825,0.518011,0.737662,-0.458715,0.457185
2026-01-08T08:45:00+00:00,terminal_alpha,normal,-0.226096,-0.097846,0.344004,-0.331808,-0.116533,0.176835,0.220311,-0.101535,none,,0.0,-0.213892,-0.112743,0.377831,-0.165708,-0.369445,0.089135,0.160166,-0.101823
2026-01-08T09:00:00+00:00,terminal_alpha,normal,-0.08608,-0.07264,0.144662,-0.071333,-0.044384,0.079888,0.372281,0.225338,none,,0.0,-0.068072,-0.062708,0.171934,-0.002544,-0.082181,0.020095,0.32729,0.105131
2026-01-08T09:15:00+00:00,terminal_alpha,normal,0.139667,-0.118989,0.126574,0.310779,0.277806,-0.03849,0.119349,0.290196,none,,0.0,0.15517,-0.11058,0.118335,0.366725,0.466894,0.057928,0.101597,0.271366
2026-01-08T09:30:00+00:00,terminal_alpha,congested,-0.17255,0.294787,0.342582,0.609523,0.491242,0.85,-0.460019,0.306752,decrease_berth_occupancy,berth_occupancy,0.12,-0.174204,0.266631,0.504873,0.631144,0.676535,0.843041,-0.740846,0.731023
2026-01-08T09:45:00+00:00,terminal_alpha,normal,-0.176188,-0.02226,0.328324,0.361953,-0.011032,-0.146919,-0.076193,-0.209921,none,,0.0,-0.170283,-0.022925,0.276536,0.467606,0.122116,-0.163066,0.05069,-0.160889
2026-01-08T10:00:00+00:00,terminal_alpha,congested,0.114701,0.161621,0.432844,0.85,0.074917,0.172632,-0.567852,0.820153,none,,0.0,0.092112,0.14914,0.436752,0.780648,0.526073,0.258429,-0.586452,0.873041
2026-01-08T10:15:00+00:00,terminal_alpha,congested,0.108109,0.500414,0.522533,0.745682,0.61135,0.554945,-0.014427,0.312519,none,,0.0,0.105294,0.455059,0.586512,0.759953,0.790903,0.787759,-0.362169,0.62557
2026-01-08T10:30:00+00:00,terminal_alpha,normal,-0.408389,-0.335694,0.430694,-0.200424,-0.456867,-0.238391,0.67493,0.249366,none,,0.0,-0.403638,-0.304123,0.340062,-0.03282,-0.606478,-0.52485,0.706715,-0.089469
2026-01-08T10:45:00+00:00,terminal_alpha,weather_disruption,0.472323,0.488822,0.36231,0.388648,0.505677,0.654521,-0.346469,0.629339,none,,0.0,0.417239,0.462468,0.503277,0.464158,0.682276,0.788823,-0.686377,0.856864
2026-01-08T11:00:00+00:00,terminal_alpha,normal,-0.332316,-0.167445,0.105701,0.166511,0.328485,0.511404,0.240976,0.076757,none,,0.0,-0.335149,-0.145924,0.239959,0.224318,0.348839,0.54853,-0.022682,0.098589
2026-01-08T11:15:00+00:00,terminal_alpha,normal,-0.164689,-0.015089,-0.302119,0.151851,0.068532,-0.072501,0.073234,-0.243987,none,,0.0,-0.144039,-0.005781,-0.311131,0.023463,0.14711,-0.026251,0.151558,-0.422115
2026-01-08T11:30:00+00:00,terminal_alpha,normal,-0.123894,-0.327004,0.048991,0.167448,-0.022637,0.001944,0.178104,-0.186328,none,,0.0,-0.107157,-0.325945,0.066243,0.185128,0.049317,-0.120398,0.185278,-0.262022
2026-01-08T11:45:00+00:00,terminal_alpha,normal,-0.329102,-0.145584,0.03266,0.04821,0.111477,-0.077226,0.450641,0.245077,none,,0.0,-0.337192,-0.157691,-0.008986,0.052967,0.048849,-0.039661,0.510922,-0.051992
2026-01-08T12:00:00+00:00,terminal_alpha,congested,-0.24366,0.180543,0.85,0.23683,0.20297,0.654316,-0.401485,0.594986,decrease_yard_density,yard_density,0.15,-0.258001,0.173699,0.778512,0.539065,0.28175,0.68216,-0.646756,0.851182
2026-01-08T12:15:00+00:00,terminal_alpha,congested,-0.058323,0.160603,0.575009,0.593376,0.404114,0.182844,0.023515,0.685344,none,,0.0,-0.054679,0.155525,0.554073,0.692489,0.618057,0.427119,-0.082665,0.716966
2026-01-08T12:30:00+00:00,terminal_alpha,weather_disruption,0.412329,0.406298,0.479039,0.009382,0.562827,0.365201,-0.432316,0.559823,none,,0.0,0.407628,0.395505,0.526676,0.198363,0.605824,0.670115,-0.623296,0.825406
2026-01-08T12:45:00+00:00,terminal_alpha,normal,0.115508,0.130498,0.263302,0.449158,0.018987,-0.219303,0.088775,0.025859,none,,0.0,0.106479,0.103973,0.214277,0.520392,0.283872,-0.159629,0.196167,0.010786
2026-01-08T13:00:00+00:00,terminal_alpha,congested,0.130113,0.634386,0.85,0.611208,0.388308,0.55104,-0.118798,0.245017,none,,0.0,0.13326,0.571613,0.764656,0.750414,0.635002,0.748764,-0.458362,0.661414
2026-01-08T13:15:00+00:00,terminal_alpha,normal,-0.223309,-0.030076,0.04278,0.429945,-0.119379,-0.368858,-0.185299,0.397607,none,,0.0,-0.219638,-0.030547,-0.051369,0.412975,0.08078,-0.430939,0.049741,0.310254
2026-01-08T13:30:00+00:00,terminal_alpha,weather_disruption,0.610251,0.581803,-0.192379,0.36184,0.85,0.649801,-0.839308,0.302059,none,,0.0,0.536339,0.509383,-0.001994,0.27176,0.840161,0.860299,-0.877716,0.77696
2026-01-08T13:45:00+00:00,terminal_alpha,normal,0.025223,-0.143589,-0.199336,-0.19572,-0.118329,-0.179076,0.40308,-0.107403,none,,0.0,0.017686,-0.117519,-0.232389,-0.261642,-0.20912,-0.292213,0.466295,-0.44217
2026-01-08T14:00:00+00:00,terminal_alpha,normal,-0.04183,-0.242055,0.139425,0.220331,-0.060601,0.106484,-0.14895,-0.201113,none,,0.0,-0.030289,-0.258015,0.17953,0.278477,0.071576,-0.002494,-0.190452,-0.024587
2026-01-08T14:15:00+00:00,terminal_alpha,normal,0.067174,-0.288072,-0.100885,0.214538,-0.293815,-0.130742,-0.116294,-0.201731,none,,0.0,0.080205,-0.262793,-0.145391,0.174615,-0.142684,-0.369546,-0.050234,-0.228284
2026-01-08T14:30:00+00:00,terminal_alpha,weather_disruption,0.494081,0.18901,0.323666,0.527422,0.85,0.036611,-0.85,0.796598,decrease_berth_occupancy,berth_occupancy,0.12,0.439951,0.202512,0.319487,0.58807,0.858624,0.509051,-0.75384,0.899546
2026-01-08T14:45:00+00:00,terminal_alpha,normal,-0.191607,0.362898,-0.110716,-0.141367,-0.499067,0.083035,0.059147,0.239227,none,,0.0,-0.201074,0.3297,-0.079072,-0.19155,-0.558281,-0.059901,0.05374,0.169648
2026-01-08T15:00:00+00:00,terminal_alpha,congested,0.435083,-0.185677,0.85,0.350199,0.378847,0.023196,-0.376181,0.114374,none,,0.0,0.408297,-0.18318,0.706778,0.624467,0.596538,0.177096,-0.437986,0.617227
2026-01-08T15:15:00+00:00,terminal_alpha,normal,-0.298926,0.109057,0.166643,-0.081191,-0.165483,-0.003699,-0.00934,-0.082843,none,,0.0,-0.283904,0.117545,0.165071,0.02565,-0.262468,-0.057586,0.033843,-0.099396
2026-01-08T15:30:00+00:00,terminal_alpha,normal,-0.140394,0.02168,0.42336,-0.140169,-0.073944,-0.114764,-0.029593,-0.254816,none,,0.0,-0.146952,0.013321,0.365124,0.026199,-0.163728,-0.14222,0.050877,-0.158292
2026-01-08T15:45:00+00:00,terminal_alpha,congested,-0.203456,0.387333,0.669121,0.595211,0.588668,0.831084,0.221038,0.392014,none,,0.0,-0.175203,0.374594,0.71917,0.703502,0.720302,0.851181,-0.239658,0.649912
2026-01-08T16:00:00+00:00,terminal_alpha,normal,-0.256495,0.327594,-0.001244,0.240343,0.026412,-0.14975,0.402658,-0.010391,none,,0.0,-0.269088,0.322493,-0.062201,0.22753,0.111415,-0.034221,0.484094,-0.303912
2026-01-08T16:15:00+00:00,terminal_alpha,normal,-0.079393,-0.443284,-0.143865,0.51657,-0.180351,0.187093,0.131543,0.302496,none,,0.0,-0.094044,-0.412182,-0.096475,0.427958,0.107652,-0.03727,0.019685,0.225779
2026-01-08T16:30:00+00:00,terminal_alpha,normal,-0.085562,0.013743,0.007729,0.111582,0.424656,-0.313274,0.399835,-0.195986,none,,0.0,-0.059009,0.009295,-0.072759,0.144295,0.428824,-0.056886,0.543086,-0.47403
2026-01-08T16:45:00+00:00,terminal_alpha,congested,0.073048,-0.269342,0.663272,0.677873,0.586751,0.53455,-0.455758,0.359202,none,,0.0,0.054156,-0.280145,0.67624,0.742502,0.749207,0.655309,-0.670733,0.777132
2026-01-08T17:00:00+00:00,terminal_alpha,normal,0.099883,0.094552,0.016563,-0.222578,-0.12476,0.344068,-0.181396,-0.036624,decrease_yard_density,yard_density,0.15,0.108458,0.076075,0.098306,-0.233681,-0.22018,0.275061,-0.40916,0.220075
2026-01-08T17:15:00+00:00,terminal_alpha,weather_disruption,0.510121,0.351845,0.313476,0.300142,0.666045,0.2717,-0.325994,0.685816,none,,0.0,0.461316,0.348223,0.361541,0.404149,0.742107,0.624332,-0.525791,0.814619
2026-01-08T17:30:00+00:00,terminal_alpha,normal,-0.244242,0.030691,0.180307,-0.037038,0.338949,-0.303598,0.076434,0.068436,none,,0.0,-0.256941,0.010572,0.097858,0.030647,0.266701,-0.115806,0.293548,-0.053645
2026-01-08T17:45:00+00:00,terminal_alpha,normal,-0.141847,0.113247,0.099668,-0.065076,0.209825,-0.375,0.059597,-0.14279,none,,0.0,-0.138982,0.10703,-0.015014,-0.0119,0.138398,-0.216431,0.317651,-0.319555
2026-01-08T18:00:00+00:00,terminal_alpha,congested,0.040693,0.312539,0.138785,0.69641,0.706306,0.391599,-0.207073,0.455396,none,,0.0,0.049295,0.316338,0.249538,0.653412,0.803595,0.71036,-0.39876,0.638893
2026-01-08T18:15:00+00:00,terminal_alpha,congested,0.029602,-0.059519,0.267159,0.85,0.33274,0.73835,-0.127025,0.724055,none,,0.0,0.005043,-0.069193,0.446363,0.745924,0.683732,0.716024,-0.542719,0.820252
2026-01-08T18:30:00+00:00,terminal_alpha,normal,0.061277,-0.186237,-0.304052,-0.002142,-0.226034,0.297511,-0.252062,-0.132862,none,,0.0,0.066995,-0.196625,-0.192294,-0.129336,-0.209249,0.123618,-0.38832,0.022639
2026-01-08T18:45:00+00:00,terminal_alpha,normal,-0.103089,-0.147593,0.485756,0.215609,-0.037143,-0.224155,0.16143,0.081537,none,,0.0,-0.124525,-0.162961,0.379189,0.405493,0.058851,-0.30021,0.296505,0.063831
2026-01-08T19:00:00+00:00,terminal_alpha,normal,-0.363291,-0.141866,0.155009,-0.162871,-0.412929,0.212825,0.080344,0.1539,none,,0.0,-0.350134,-0.144951,0.216271,-0.093765,-0.528734,-0.043717,0.002752,0.156065
2026-01-08T19:15:00+00:00,terminal_alpha,normal,-0.265323,-0.688483,-0.319511,0.199243,-0.262833,-0.19453,0.173079,-0.279793,none,,0.0,-0.232201,-0.581863,-0.38608,0.08145,-0.195371,-0.486791,0.307605,-0.545566
2026-01-08T19:30:00+00:00,terminal_alpha,congested,0.049872,0.222067,0.434875,0.85,0.076554,0.6832,-0.161038,0.834162,decrease_berth_occupancy,berth_occupancy,0.12,0.018968,0.190253,0.547212,0.779008,0.515973,0.673762,-0.544434,0.869368
2026-01-08T19:45:00+00:00,terminal_alpha,normal,0.080252,-0.030065,-0.051679,-0.482483,-0.028638,0.423393,-0.025557,0.025905,none,,0.0,0.093275,-0.045693,0.069245,-0.455728,-0.289927,0.386721,-0.291731,0.188221
2026-01-08T20:00:00+00:00,terminal_alpha,congested,-0.451635,0.118479,0.816229,0.82677,0.486607,0.718988,-0.038829,0.315069,none,,0.0,-0.408085,0.116029,0.773293,0.820851,0.699075,0.759474,-0.396287,0.650374
2026-01-08T20:15:00+00:00,terminal_alpha,normal,-0.097003,0.185992,0.208344,0.080304,0.098363,-0.193869,-0.403288,0.44483,none,,0.0,-0.113623,0.203977,0.147168,0.15968,0.103987,-0.098193,-0.276613,0.567926
2026-01-08T20:30:00+00:00,terminal_alpha,normal,-0.410302,0.196986,0.082638,0.022171,-0.283326,0.118621,0.283714,0.23585,none,,0.0,-0.410387,0.206801,0.140411,0.055388,-0.338285,-0.000312,0.271583,0.07192
2026-01-08T20:45:00+00:00,terminal_alpha,weather_disruption,0.628471,0.127011,0.124827,0.270253,0.659854,0.719097,-0.558324,0.338394,none,,0.0,0.579591,0.138354,0.313109,0.310902,0.752952,0.802399,-0.808292,0.78631
2026-01-08T21:00:00+00:00,terminal_alpha,normal,-0.418311,-0.165836,0.197127,-0.101568,0.012795,0.111475,0.307756,0.158819,none,,0.0,-0.385933,-0.158193,0.224992,-0.022851,-0.16393,0.078692,0.29629,-0.002
2026-01-08T21:15:00+00:00,terminal_alpha,normal,-0.158051,0.324846,0.051028,0.256968,0.192679,-0.162925,0.296759,-0.158901,none,,0.0,-0.162706,0.306061,0.007538,0.248961,0.319921,0.047888,0.374612,-0.362851
2026-01-08T21:30:00+00:00,terminal_alpha,normal,-0.194505,-0.106803,0.093524,-0.143652,0.116023,-0.250162,-0.035154,-0.033028,none,,0.0,-0.164855,-0.105356,0.02647,-0.122568,-0.019201,-0.223733,0.135924,-0.10255
2026-01-08T21:45:00+00:00,terminal_alpha,normal,-0.371451,-0.267313,0.324756,0.132048,-0.34885,-0.265659,0.035167,-0.011116,none,,0.0,-0.355367,-0.266408,0.263075,0.257696,-0.35166,-0.47357,0.288419,-0.082687
2026-01-08T22:00:00+00:00,terminal_alpha,weather_disruption,0.85,0.435301,0.217943,0.432172,0.680202,0.450531,-0.524521,0.301888,decrease_yard_density,yard_density,0.15,0.69892,0.38458,0.317411,0.455272,0.815448,0.753227,-0.741432,0.76498
2026-01-08T22:15:00+00:00,terminal_alpha,weather_disruption,0.85,0.349986,0.680573,0.85,0.269553,0.215034,0.037832,0.562401,none,,0.0,0.692494,0.326225,0.635167,0.80711,0.754973,0.439801,-0.251088,0.777849
2026-01-08T22:30:00+00:00,terminal_alpha,normal,0.075706,-0.157757,0.210391,0.200886,0.148733,-0.040495,0.071773,-0.254564,none,,0.0,0.073804,-0.164117,0.203808,0.277679,0.253784,-0.020905,0.057371,-0.216812
2026-01-08T22:45:00+00:00,terminal_alpha,weather_disruption,0.674655,0.055329,0.372928,0.584981,0.215941,0.560942,-0.397425,0.428967,none,,0.0,0.591921,0.070635,0.459308,0.622373,0.621879,0.613369,-0.712029,0.807132
2026-01-08T23:00:00+00:00,terminal_alpha,normal,-0.035315,-0.062359,0.160622,0.159075,0.082391,0.311135,0.095876,-0.01632,none,,0.0,-0.028397,-0.03241,0.238247,0.235456,0.171219,0.33347,-0.109767,0.087934
2026-01-08T23:15:00+00:00,terminal_alpha,congested,0.145145,0.610145,0.499125,0.331058,0.587612,0.24822,-0.207211,0.547865,none,,0.0,0.132307,0.545728,0.503274,0.51133,0.662238,0.640753,-0.373111,0.736772
2026-01-08T23:30:00+00:00,terminal_alpha,congested,0.050143,0.058037,0.691835,0.823705,0.455888,0.16142,-0.626796,0.221443,none,,0.0,0.055762,0.064028,0.620581,0.806322,0.734582,0.405964,-0.627634,0.697541
2026-01-08T23:45:00+00:00,terminal_alpha,congested,0.1392,-0.170046,0.360475,0.542967,0.104573,0.553433,0.233823,0.511811,none,,0.0,0.143107,-0.154199,0.484234,0.613782,0.431328,0.507296,-0.132068,0.62935
2026-01-09T00:00:00+00:00,terminal_alpha,normal,0.274995,-0.011827,0.191345,-0.033202,0.300953,0.104558,-0.191505,0.403058,none,,0.0,0.253041,-0.037881,0.216997,0.046089,0.337333,0.256533,-0.290724,0.588595
2026-01-09T00:15:00+00:00,terminal_alpha,normal,0.288643,-0.471326,-0.156386,0.421941,-0.131326,0.330309,0.133132,0.040376,none,,0.0,0.278069,-0.435628,-0.059019,0.334079,0.190956,0.101501,-0.139015,0.095186
2026-01-09T00:30:00+00:00,terminal_alpha,normal,0.314906,0.2199,-0.091111,-0.031559,-0.0745,-0.23438,-0.19086,0.037306,decrease_berth_occupancy,berth_occupancy,0.12,0.314199,0.236075,-0.168447,-0.084174,-0.032215,-0.200431,-0.090694,0.064539
2026-01-09T00:45:00+00:00,terminal_alpha,congested,0.211315,0.055409,0.797939,0.626906,0.85,0.668933,-0.395071,0.639983,none,,0.0,0.216933,0.052673,0.748378,0.746064,0.853929,0.814245,-0.679224,0.881544
2026-01-09T01:00:00+00:00,terminal_alpha,normal,-0.137443,-0.176941,0.221344,0.111284,-0.0004,-0.33281,-0.069114,0.179651,none,,0.0,-0.110426,-0.208372,0.123392,0.203066,0.03275,-0.368387,0.171434,0.127246
2026-01-09T01:15:00+00:00,terminal_alpha,normal,-0.260537,-0.279877,0.192249,0.214685,-0.111024,0.032406,0.115941,-0.025196,none,,0.0,-0.254953,-0.248564,0.192269,0.279173,-0.031891,-0.092474,0.152364,-0.065621
2026-01-09T01:30:00+00:00,terminal_alpha,normal,-0.021983,0.038828,0.053013,0.185294,0.153176,0.173472,-0.409955,0.133984,none,,0.0,-0.032889,0.03362,0.082066,0.181687,0.251787,0.292011,-0.467951,0.4133
2026-01-09T01:45:00+00:00,terminal_alpha,congested,0.302113,0.037113,0.689293,0.642858,0.346351,0.671047,-0.322438,0.224652,none,,0.0,0.304046,0.036461,0.702834,0.731696,0.635091,0.70319,-0.671828,0.735321
2026-01-09T02:00:00+00:00,terminal_alpha,normal,0.057411,-0.25681,0.467668,0.192884,-0.301443,0.079271,0.451926,0.181857,none,,0.0,0.033325,-0.253885,0.461185,0.38314,-0.180845,-0.156115,0.380085,0.159871
2026-01-09T02:15:00+00:00,terminal_alpha,weather_disruption,0.694749,0.536129,0.24177,0.275244,0.593887,0.237743,-0.724251,0.543065,none,,0.0,0.607531,0.485072,0.320569,0.370334,0.716331,0.616705,-0.760776,0.839452
2026-01-09T02:30:00+00:00,terminal_alpha,congested,0.007707,-0.027473,0.646669,0.425472,0.546709,0.696823,-0.427195,0.212613,none,,0.0,0.012784,0.003262,0.671839,0.600452,0.658807,0.756069,-0.690626,0.718348
2026-01-09T02:45:00+00:00,terminal_alpha,congested,0.179481,0.295545,0.137985,0.781974,0.562605,0.42994,-0.221182,0.716489,none,,0.0,0.170655,0.296538,0.219117,0.693597,0.784307,0.671342,-0.494246,0.785917
2026-01-09T03:00:00+00:00,terminal_alpha,normal,0.13908,-0.04078,-0.251523,-0.400804,0.126289,0.413544,0.243447,0.012923,decrease_yard_density,yard_density,0.15,0.161505,-0.042108,-0.140869,-0.475601,-0.068365,0.429882,-0.023164,-0.008265
2026-01-09T03:15:00+00:00,terminal_alpha,congested,0.3761,0.010348,0.327627,0.321268,0.204229,0.401071,0.05967,0.85,none,,0.0,0.329871,-0.00511,0.412155,0.417975,0.443095,0.473416,-0.265704,0.820979
2026-01-09T03:30:00+00:00,terminal_alpha,weather_disruption,0.364311,0.282689,0.490709,0.372772,0.306468,0.85,-0.420689,0.699834,none,,0.0,0.353925,0.268512,0.619527,0.509148,0.541568,0.808692,-0.778615,0.900431
2026-01-09T03:45:00+00:00,terminal_alpha,normal,-0.36604,0.064235,0.063015,-0.070584,-0.108862,-0.033637,-0.080288,-0.00152,none,,0.0,-0.355036,0.070453,0.047894,-0.050057,-0.252752,-0.060769,0.021083,-0.003385
2026-01-09T04:00:00+00:00,terminal_alpha,weather_disruption,0.684886,0.262687,0.41381,0.49876,0.297646,0.757496,-0.85,0.829038,none,,0.0,0.589763,0.27233,0.555674,0.586244,0.642102,0.761329,-0.891496,0.952185
2026-01-09T04:15:00+00:00,terminal_alpha,normal,-0.355718,-0.156847,-0.22173,0.235439,-0.180904,0.15914,-0.091874,-0.22752,none,,0.0,-0.360435,-0.179081,-0.138795,0.150259,-0.1345,0.022396,-0.10941,-0.265156
2026-01-09T04:30:00+00:00,terminal_alpha,normal,-0.178436,-0.364379,0.049548,0.078731,0.015529,-0.375705,0.045639,0.438421,none,,0.0,-0.191583,-0.354294,-0.003467,0.115234,0.010405,-0.444589,0.307082,0.228047
2026-01-09T04:45:00+00:00,terminal_alpha,weather_disruption,0.85,0.235954,0.299529,0.229435,0.32775,0.74086,-0.282459,0.360899,none,,0.0,0.685098,0.215486,0.459219,0.339217,0.583161,0.769552,-0.697346,0.780516
2026-01-09T05:00:00+00:00,terminal_alpha,congested,-0.114999,-0.021478,0.624886,0.85,0.649785,0.41341,-0.622975,0.229901,none,,0.0,-0.104328,-0.026615,0.615423,0.808606,0.803844,0.629872,-0.682469,0.710937
2026-01-09T05:15:00+00:00,terminal_alpha,normal,0.028735,0.334901,0.128405,0.064336,-0.445315,-0.489353,0.136062,0.147399,none,,0.0,0.027462,0.324647,-0.002191,0.099935,-0.375964,-0.547624,0.406954,-0.026194
2026-01-09T05:30:00+00:00,terminal_alpha,congested,0.207104,0.171654,-0.071618,0.708025,0.282433,0.691376,-0.272587,0.49773,decrease_berth_occupancy,berth_occupancy,0.12,0.200391,0.168788,0.14506,0.593003,0.634132,0.71786,-0.628156,0.713038
2026-01-09T05:45:00+00:00,terminal_alpha,congested,0.542307,-0.038886,0.340331,0.708846,0.252871,0.555602,-0.199239,0.734618,none,,0.0,0.498937,-0.013801,0.455388,0.695915,0.651767,0.586283,-0.550142,0.862584
2026-01-09T06:00:00+00:00,terminal_alpha,congested,0.420673,0.0763,0.497135,0.772694,0.627507,0.480237,-0.85,0.545061,none,,0.0,0.391096,0.067956,0.562057,0.763214,0.832978,0.685417,-0.840108,0.887255
2026-01-09T06:15:00+00:00,terminal_alpha,normal,-0.161339,0.183387,0.297344,0.044955,-0.107151,-0.230169,-0.355133,-0.051201,none,,0.0,-0.151719,0.165879,0.22284,0.188528,-0.126757,-0.229707,-0.185927,0.118463
2026-01-09T06:30:00+00:00,terminal_alpha,normal,-0.2677,0.131006,-0.387282,-0.010021,-0.056081,0.073038,0.129168,0.275616,none,,0.0,-0.252267,0.135657,-0.355729,-0.16336,-0.113861,0.087328,0.135447,0.052121
2026-01-09T06:45:00+00:00,terminal_alpha,normal,-0.18028,-0.306627,-0.194298,-0.165912,0.327155,-0.084384,-0.085416,0.114561,none,,0.0,-0.159491,-0.299906,-0.212393,-0.248421,0.173893,0.018398,-4.4e-05,0.017933
2026-01-09T07:00:00+00:00,terminal_alpha,congested,0.233601,0.634455,0.402154,0.33393,0.49824,0.282319,0.078325,0.623157,none,,0.0,0.239673,0.566372,0.444076,0.465465,0.628879,0.642357,-0.149315,0.685948
2026-01-09T07:15:00+00:00,terminal_alpha,congested,0.236309,-0.421686,0.501618,0.183193,0.437888,0.340949,-0.240248,0.600624,none,,0.0,0.246911,-0.401726,0.536564,0.364288,0.539799,0.422825,-0.451619,0.79218
2026-01-09T07:30:00+00:00,terminal_alpha,congested,-0.05028,0.357954,0.449671,0.507494,0.213449,0.266908,-0.271121,0.5056,none,,0.0,-0.058301,0.343303,0.490888,0.604255,0.47048,0.469109,-0.416083,0.706162
2026-01-09T07:45:00+00:00,terminal_alpha,congested,0.511505,0.234748,0.649666,0.278772,0.220869,0.45951,-0.75662,0.767406,none,,0.0,0.484282,0.217009,0.648506,0.504764,0.464042,0.56486,-0.814303,0.930901
2026-01-09T08:00:00+00:00,terminal_alpha,congested,0.001017,-0.211609,0.56051,0.598714,0.85,0.660807,-0.26009,0.448379,decrease_yard_density,yard_density,0.15,-0.009789,-0.222993,0.620769,0.686642,0.8363,0.785998,-0.587224,0.768792
2026-01-09T08:15:00+00:00,terminal_alpha,congested,-0.059698,0.24196,0.769825,0.37391,0.604905,0.613171,-0.529171,0.133072,none,,0.0,-0.033408,0.23061,0.731969,0.608623,0.686546,0.770837,-0.705474,0.698601
2026-01-09T08:30:00+00:00,terminal_alpha,congested,-0.314658,0.140881,0.493324,0.497747,0.496113,0.85,-0.364977,0.546116,none,,0.0,-0.317464,0.148044,0.624903,0.603783,0.59162,0.824909,-0.678772,0.806565
2026-01-09T08:45:00+00:00,terminal_alpha,congested,-0.371082,0.443084,0.70609,0.45316,0.100195,0.685411,-0.318064,0.751006,none,,0.0,-0.354259,0.413227,0.715341,0.63433,0.255939,0.697769,-0.588203,0.869263
2026-01-09T09:00:00+00:00,terminal_alpha,weather_disruption,0.736256,0.010352,0.224911,0.392065,0.456083,0.382471,-0.172401,0.564638,none,,0.0,0.635126,0.013752,0.3201,0.468165,0.702329,0.564756,-0.494682,0.784768
2026-01-09T09:15:00+00:00,terminal_alpha,congested,0.204779,0.197017,0.48948,0.85,0.520358,0.504627,-0.348449,0.579765,none,,0.0,0.200108,0.186938,0.564035,0.788067,0.783194,0.686907,-0.602844,0.816387
2026-01-09T09:30:00+00:00,terminal_alpha,congested,-0.214136,-0.101534,0.85,0.666033,0.319854,0.328557,-0.230167,0.604864,none,,0.0,-0.186751,-0.104636,0.73223,0.768275,0.573364,0.427833,-0.357339,0.796443
2026-01-09T09:45:00+00:00,terminal_alpha,normal,0.147636,-0.184263,-0.087875,-0.035533,-0.138765,0.14378,0.06558,-0.056601,none,,0.0,0.189105,-0.180917,-0.041188,-0.084304,-0.12065,0.022564,-0.065992,-0.033456
2026-01-09T10:00:00+00:00,terminal_alpha,normal,-0.573962,0.025424,-0.119159,-0.116549,0.441999,0.300734,0.140399,0.05502,none,,0.0,-0.523972,0.008438,-0.040833,-0.147939,0.230788,0.491969,0.075243,-0.099399
2026-01-09T10:15:00+00:00,terminal_alpha,normal,-0.410591,0.009704,-0.130425,0.044549,-0.008374,-0.178063,-0.1786,0.387931,none,,0.0,-0.417104,0.001719,-0.187059,-0.00403,-0.068054,-0.180216,-0.003289,0.252798
2026-01-09T10:30:00+00:00,terminal_alpha,normal,0.031605,-0.087386,0.154636,-0.052485,0.086309,0.295925,-0.114209,0.462986,decrease_berth_occupancy,berth_occupancy,0.12,0.044576,-0.085503,0.247107,0.012374,0.080174,0.328618,-0.293317,0.592268
2026-01-09T10:45:00+00:00,terminal_alpha,congested,-0.244613,0.428442,0.730665,0.333869,0.0411,0.6522,-0.425485,0.664985,none,,0.0,-0.26527,0.402039,0.723979,0.561856,0.18253,0.660878,-0.651037,0.857508
2026-01-09T11:00:00+00:00,terminal_alpha,normal,-0.050263,-0.180226,-0.075883,0.270364,0.362029,0.161902,0.059196,0.305221,none,,0.0,-0.046736,-0.195378,-0.033354,0.246013,0.470015,0.289869,-0.018569,0.300964
2026-01-09T11:15:00+00:00,terminal_alpha,weather_disruption,0.85,0.585599,0.573308,0.386909,0.818475,0.781031,-0.504119,0.363659,none,,0.0,0.689668,0.527257,0.656103,0.564384,0.845821,0.885327,-0.817971,0.859189
2026-01-09T11:30:00+00:00,terminal_alpha,normal,-0.47699,0.215622,-0.029166,0.071973,0.036781,0.184242,-0.101758,0.04519,none,,0.0,-0.417559,0.206355,0.000248,0.075144,-0.036267,0.273834,-0.117279,0.045877
2026-01-09T11:45:00+00:00,terminal_alpha,congested,0.529618,0.380962,0.47035,0.724205,0.674896,0.618096,-0.181483,0.718875,none,,0.0,0.490655,0.366591,0.575969,0.728936,0.838322,0.803246,-0.577046,0.861877
2026-01-09T12:00:00+00:00,terminal_alpha,normal,-0.166014,-0.251516,-0.173141,0.127724,-0.301998,-0.056354,0.106051,0.058643,none,,0.0,-0.172765,-0.279117,-0.202285,0.036384,-0.246679,-0.270324,0.193457,-0.12062
2026-01-09T12:15:00+00:00,terminal_alpha,normal,-0.155027,-0.264402,0.150486,0.574063,-0.152677,0.260303,-0.027314,0.281812,none,,0.0,-0.15454,-0.255973,0.229973,0.575081,0.141354,0.12094,-0.171889,0.397467
2026-01-09T12:30:00+00:00,terminal_alpha,normal,-0.380904,-0.39637,-0.255554,0.097052,-0.052,-0.285746,0.176479,-0.302936,none,,0.0,-0.346857,-0.389115,-0.325751,-0.000174,-0.092105,-0.423847,0.385743,-0.587498
2026-01-09T12:45:00+00:00,terminal_alpha,normal,-0.158914,-0.285286,-0.326031,-0.167719,0.228845,0.448082,0.279082,0.162555,none,,0.0,-0.15472,-0.291137,-0.19315,-0.295484,0.086286,0.46371,0.009947,0.059855
2026-01-09T13:00:00+00:00,terminal_alpha,normal,-0.065631,0.219616,0.001226,-0.054532,-0.219278,0.024492,0.145411,0.350054,decrease_yard_density,yard_density,0.15,-0.088329,0.196605,-0.01529,-0.091217,-0.267265,-0.018916,0.134697,0.266619
2026-01-09T13:15:00+00:00,terminal_alpha,normal,-0.054819,-0.099997,0.167267,0.108962,-0.059833,-0.274097,-0.233993,0.05137,none,,0.0,-0.07981,-0.108723,0.115013,0.199612,-0.002853,-0.331405,-0.073172,0.126716
2026-01-09T13:30:00+00:00,terminal_alpha,normal,-0.111894,-0.101598,0.240507,-0.176302,-0.088862,-0.204862,0.435162,0.153379,none,,0.0,-0.102169,-0.092891,0.181688,-0.053256,-0.201775,-0.275811,0.542023,-0.107215
2026-01-09T13:45:00+00:00,terminal_alpha,normal,-0.087699,-0.044901,0.043413,0.336885,-0.200832,0.03572,0.067171,0.220493,none,,0.0,-0.089612,-0.048647,0.060628,0.32646,-0.016859,-0.07378,0.067299,0.16562
2026-01-09T14:00:00+00:00,terminal_alpha,congested,-0.052814,0.00388,0.747088,0.468054,0.035523,0.771805,-0.402123,0.449475,none,,0.0,-0.063013,-0.050967,0.742544,0.647126,0.292089,0.660595,-0.705309,0.825664
2026-01-09T14:15:00+00:00,terminal_alpha,normal,-0.436648,-0.118968,0.012694,0.045051,0.303366,0.412546,0.144904,0.410326,none,,0.0,-0.424659,-0.127118,0.129239,0.05143,0.231141,0.500676,-0.018297,0.355852
2026-01-09T14:30:00+00:00,terminal_alpha,normal,0.033163,-0.421269,-0.073897,-0.122042,-0.012829,-0.216758,0.037072,0.231026,none,,0.0,0.025576,-0.402801,-0.160349,-0.124717,-0.080733,-0.335326,0.15508,0.111136
2026-01-09T14:45:00+00:00,terminal_alpha,normal,-0.426424,0.130152,0.027677,0.306014,-0.0496,0.342222,0.292916,0.217359,none,,0.0,-0.405649,0.147207,0.137923,0.326419,0.017187,0.353477,0.16859,0.131897
2026-01-09T15:00:00+00:00,terminal_alpha,congested,-0.172284,0.032371,0.443222,0.380079,0.216889,0.571379,-0.266988,0.5312,none,,0.0,-0.167456,0.021269,0.552114,0.497469,0.365903,0.617298,-0.531424,0.759093
2026-01-09T15:15:00+00:00,terminal_alpha,normal,-0.344629,-0.054328,0.499169,-0.128311,-0.115931,-0.195678,0.181772,0.121108,none,,0.0,-0.329229,-0.052128,0.397721,0.08062,-0.263467,-0.286719,0.331599,0.039967
2026-01-09T15:30:00+00:00,terminal_alpha,congested,0.248054,-0.168662,0.399578,0.643892,0.484667,0.759396,-0.582119,0.368056,decrease_berth_occupancy,berth_occupancy,0.12,0.23494,-0.174287,0.52699,0.682459,0.735337,0.745214,-0.798053,0.811885
2026-01-09T15:45:00+00:00,terminal_alpha,congested,0.300676,0.252409,0.836399,0.614046,0.32235,0.168179,-0.669993,0.499883,none,,0.0,0.281378,0.251645,0.714259,0.738332,0.64476,0.381753,-0.677536,0.851771
2026-01-09T16:00:00+00:00,terminal_alpha,normal,0.060423,-0.226373,0.339701,0.282006,-0.136828,-0.006552,0.169718,-0.009052,none,,0.0,0.074389,-0.236746,0.309102,0.403,0.014394,-0.141248,0.147758,0.021607
2026-01-09T16:15:00+00:00,terminal_alpha,weather_disruption,0.85,0.724931,0.429241,0.61028,0.403552,0.277265,-0.12797,0.542205,none,,0.0,0.697569,0.620494,0.46699,0.652285,0.75006,0.598429,-0.409646,0.781279
2026-01-09T16:30:00+00:00,terminal_alpha,congested,-0.117326,0.116163,0.67078,0.734114,0.220958,0.045321,-0.183769,0.675183,none,,0.0,-0.094161,0.128662,0.587672,0.773162,0.532646,0.219074,-0.215606,0.752818
2026-01-09T16:45:00+00:00,terminal_alpha,normal,-0.170623,-0.003479,-0.279568,0.152122,-0.342382,-0.140725,0.367803,-0.005549,none,,0.0,-0.165843,0.001787,-0.288166,0.040944,-0.279152,-0.323469,0.430967,-0.375976
2026-01-09T17:00:00+00:00,terminal_alpha,normal,0.153052,-0.2023,-0.320845,0.382948,0.127816,-0.010361,-0.209733,-0.28029,none,,0.0,0.141004,-0.190138,-0.309335,0.247325,0.383929,0.011708,-0.20699,-0.231621
2026-01-09T17:15:00+00:00,terminal_alpha,congested,0.222971,0.298398,0.793603,0.500552,0.233563,0.85,-0.202212,0.23597,none,,0.0,0.195201,0.284868,0.777687,0.67471,0.528703,0.789356,-0.653621,0.740978
2026-01-09T17:30:00+00:00,terminal_alpha,normal,-0.363689,-0.265344,0.125903,-0.027811,-0.436601,0.17939,0.149037,0.340666,none,,0.0,-0.35282,-0.265247,0.143238,0.004803,-0.488633,-0.16272,0.08587,0.292214
2026-01-09T17:45:00+00:00,terminal_alpha,congested,0.245876,0.184629,0.652993,0.726336,0.536645,0.55251,-0.4577,0.416156,none,,0.0,0.253805,0.193264,0.668863,0.755378,0.767695,0.716083,-0.697685,0.810504
2026-01-09T18:00:00+00:00,terminal_alpha,normal,-0.255255,-0.578677,0.14019,-0.246125,-0.277499,0.091206,0.309333,-0.287374,decrease_yard_density,yard_density,0.15,-0.247588,-0.531847,0.144348,-0.19525,-0.458445,-0.215961,0.29683,-0.420037
2026-01-09T18:15:00+00:00,terminal_alpha,congested,0.17722,-0.298427,0.300809,0.85,0.174292,0.183976,-0.564544,0.532587,none,,0.0,0.183401,-0.308245,0.345483,0.74321,0.610018,0.196059,-0.623276,0.760797
2026-01-09T18:30:00+00:00,terminal_alpha,normal,-0.087025,-0.32185,0.401054,0.178403,0.312702,0.245355,-0.076336,0.118968,none,,0.0,-0.094845,-0.29856,0.441789,0.320477,0.372746,0.323665,-0.253718,0.358729
2026-01-09T18:45:00+00:00,terminal_alpha,normal,-0.200906,0.281358,0.13728,-0.08861,0.370042,0.35257,0.2202,0.184362,none,,0.0,-0.207139,0.264596,0.216795,-0.009031,0.257468,0.578039,0.041846,0.222894
2026-01-09T19:00:00+00:00,terminal_alpha,normal,-0.215583,-0.334226,0.086302,0.094368,-0.123629,0.230465,0.123681,-0.163637,none,,0.0,-0.216694,-0.346178,0.156817,0.087301,-0.111955,0.065616,0.016487,-0.179921
2026-01-09T19:15:00+00:00,terminal_alpha,congested,0.601308,-0.207391,0.329014,0.61915,0.560394,0.707148,-0.112725,0.627445,none,,0.0,0.54775,-0.213397,0.504244,0.645866,0.789457,0.740797,-0.582069,0.827632
2026-01-09T19:30:00+00:00,terminal_alpha,normal,-0.031046,0.366266,0.074621,0.147014,0.002387,0.305632,0.302773,-0.073334,none,,0.0,-0.049883,0.355924,0.162454,0.176279,0.063628,0.407966,0.127278,-0.10762
2026-01-09T19:45:00+00:00,terminal_alpha,normal,0.339146,0.134071,0.267083,0.00464,-0.142948,-0.125562,0.520106,-0.200896,none,,0.0,0.311678,0.131843,0.254288,0.089575,-0.04692,-0.183706,0.492079,-0.331609
2026-01-09T20:00:00+00:00,terminal_alpha,congested,-0.019337,-0.06657,0.242353,0.667512,0.577106,0.227537,-0.13722,0.75211,none,,0.0,-0.028288,-0.062889,0.305329,0.642047,0.755024,0.464402,-0.296601,0.764537
2026-01-09T20:15:00+00:00,terminal_alpha,normal,0.026214,-0.313679,0.051636,0.093259,0.042767,0.549352,-0.057693,-0.191998,none,,0.0,0.033526,-0.298825,0.201422,0.114731,0.126035,0.472721,-0.379804,0.059229
2026-01-09T20:30:00+00:00,terminal_alpha,weather_disruption,0.834859,0.254921,0.546601,0.573537,0.85,0.444898,-0.675613,0.284412,decrease_berth_occupancy,berth_occupancy,0.12,0.674178,0.254464,0.575906,0.673733,0.885037,0.757693,-0.805769,0.825934
2026-01-09T20:45:00+00:00,terminal_alpha,normal,-0.618577,0.226403,-0.18257,0.19719,-0.178065,-0.121159,-0.088484,-0.176338,none,,0.0,-0.558001,0.222805,-0.199124,0.124856,-0.200759,-0.168427,0.082602,-0.363715
2026-01-09T21:00:00+00:00,terminal_alpha,weather_disruption,0.71272,0.312379,0.255201,0.567351,-0.002634,0.315363,-0.444277,0.804769,none,,0.0,0.610379,0.290707,0.301806,0.585171,0.455016,0.404096,-0.650655,0.882816
2026-01-09T21:15:00+00:00,terminal_alpha,congested,0.020301,0.443541,0.566996,0.572526,0.027678,0.131412,-0.274352,0.517415,none,,0.0,0.005491,0.4022,0.535227,0.678422,0.334209,0.265183,-0.371447,0.722839
2026-01-09T21:30:00+00:00,terminal_alpha,congested,0.089894,0.033367,0.85,0.31585,0.257349,0.583773,-0.158202,0.431675,none,,0.0,0.100558,0.038337,0.767447,0.579018,0.44668,0.619512,-0.487136,0.768181
2026-01-09T21:45:00+00:00,terminal_alpha,congested,0.421005,0.220199,0.378633,0.85,0.217274,0.639907,-0.244946,0.555831,none,,0.0,0.402878,0.235362,0.480342,0.753473,0.666993,0.669132,-0.61586,0.808464
2026-01-09T22:00:00+00:00,terminal_alpha,normal,0.12158,-0.214584,-0.070299,0.291568,-0.196702,-0.08143,0.289221,0.393689,none,,0.0,0.125645,-0.218507,-0.084991,0.248279,0.016781,-0.22687,0.313027,0.22479
2026-01-09T22:15:00+00:00,terminal_alpha,congested,-0.070417,0.025747,0.436091,0.60395,0.194347,0.146639,0.058513,0.458975,none,,0.0,-0.044941,0.046049,0.433999,0.671595,0.466969,0.250618,-0.01353,0.538186
2026-01-09T22:30:00+00:00,terminal_alpha,normal,-0.218966,-0.188266,0.341132,-0.132762,0.47249,-0.334435,0.230834,0.216517,none,,0.0,-0.202962,-0.193762,0.235887,0.008224,0.345598,-0.14936,0.441842,0.066972
2026-01-09T22:45:00+00:00,terminal_alpha,normal,-0.028861,-0.212163,0.104298,0.393266,-0.043273,-0.053134,0.429698,-0.151923,none,,0.0,-0.023769,-0.213604,0.058825,0.403692,0.164976,-0.149605,0.412221,-0.35736
2026-01-09T23:00:00+00:00,terminal_alpha,weather_disruption,0.781742,0.364923,0.1658,0.19605,0.408606,0.381792,-0.336876,0.694753,decrease_yard_density,yard_density,0.15,0.649551,0.337041,0.238692,0.261786,0.608753,0.609313,-0.607085,0.847376
2026-01-09T23:15:00+00:00,terminal_alpha,normal,-0.06548,-0.445281,0.079431,0.468663,0.099527,0.033615,-0.162456,0.377775,none,,0.0,-0.064684,-0.416157,0.075594,0.462032,0.333739,-0.056882,-0.181454,0.444573
2026-01-09T23:30:00+00:00,terminal_alpha,congested,-0.039034,0.531542,0.51578,0.688625,0.713963,0.580871,-0.118317,0.334247,none,,0.0,-0.028801,0.491804,0.584698,0.738912,0.799932,0.817568,-0.429483,0.651345
2026-01-09T23:45:00+00:00,terminal_alpha,normal,-0.291203,-0.128143,-0.176745,-0.120116,-0.190544,-0.256858,0.133114,-0.142518,none,,0.0,-0.272873,-0.113814,-0.270899,-0.159734,-0.311259,-0.361496,0.341736,-0.407299
2026-01-10T00:00:00+00:00,terminal_alpha,normal,-0.360589,-0.27003,0.416758,-0.027124,0.113768,-0.253246,-0.024112,0.24019,none,,0.0,-0.3233,-0.241931,0.327675,0.155029,-0.012085,-0.25269,0.191532,0.223561
2026-01-10T00:15:00+00:00,terminal_alpha,congested,0.07517,0.076521,0.451172,0.80297,0.781172,0.339875,-0.39415,0.508066,none,,0.0,0.075522,0.078779,0.482075,0.756692,0.85599,0.649481,-0.538235,0.762748
2026-01-10T00:30:00+00:00,terminal_alpha,congested,-0.016641,0.210913,0.51299,0.383984,0.357139,0.66552,-0.177315,0.17924,none,,0.0,-0.021635,0.215297,0.600572,0.526749,0.544606,0.716929,-0.540196,0.614127
2026-01-10T00:45:00+00:00,terminal_alpha,normal,-0.229954,0.009378,-0.005632,0.03186,-0.12877,0.128472,0.09061,0.190561,none,,0.0,-0.212884,0.022612,0.018824,0.020657,-0.163276,0.055843,0.070162,0.135979
2026-01-10T01:00:00+00:00,terminal_alpha,weather_disruption,0.598823,0.37232,0.498067,0.059032,0.807039,0.373559,-0.612413,0.357137,none,,0.0,0.530126,0.343621,0.529053,0.273489,0.751883,0.729673,-0.74204,0.811845
2026-01-10T01:15:00+00:00,terminal_alpha,weather_disruption,0.85,0.019224,0.322504,0.383415,0.577631,0.343684,-0.769108,0.717643,none,,0.0,0.689564,0.043342,0.418345,0.482808,0.764553,0.590802,-0.815692,0.910233
2026-01-10T01:30:00+00:00,terminal_alpha,normal,-0.128537,-0.0616,0.103565,0.183855,-0.40269,-0.036619,0.33246,-0.236957,decrease_berth_occupancy,berth_occupancy,0.12,-0.144332,-0.064545,0.074447,0.205838,-0.329971,-0.268971,0.358708,-0.385879
2026-01-10T01:45:00+00:00,terminal_alpha,congested,0.044527,-0.256127,0.549781,0.424512,0.456218,0.767341,-0.023988,0.104188,none,,0.0,0.031896,-0.246312,0.63609,0.582111,0.613485,0.738175,-0.469081,0.547178
2026-01-10T02:00:00+00:00,terminal_alpha,congested,0.078118,0.187666,0.331434,0.46013,0.461213,0.50124,-0.625427,0.397077,none,,0.0,0.066273,0.180961,0.424543,0.55266,0.613285,0.674639,-0.731532,0.788132
2026-01-10T02:15:00+00:00,terminal_alpha,normal,-0.311835,-0.034756,0.349006,-0.005705,0.04315,0.032415,-0.036134,0.423455,none,,0.0,-0.302906,-0.01221,0.351925,0.14287,-0.057386,0.045659,-0.021441,0.467997
2026-01-10T02:30:00+00:00,terminal_alpha,congested,0.314301,-0.076648,0.85,0.12635,0.343822,0.414133,-0.099234,0.098935,none,,0.0,0.314853,-0.077006,0.754116,0.456951,0.456108,0.512187,-0.390966,0.587293
2026-01-10T02:45:00+00:00,terminal_alpha,normal,-0.290044,-0.090799,0.608829,-0.389394,0.126602,0.036616,0.491378,0.239587,none,,0.0,-0.278405,-0.087671,0.554537,-0.14148,-0.156278,0.083584,0.462043,0.135121
2026-01-10T03:00:00+00:00,terminal_alpha,normal,-0.065573,0.077802,0.304891,0.097057,-0.094063,-0.070665,0.161972,0.093188,none,,0.0,-0.055903,0.095132,0.283546,0.239357,-0.070026,-0.071889,0.214348,0.076829
2026-01-10T03:15:00+00:00,terminal_alpha,normal,0.111541,-0.021527,0.14098,0.020506,0.363506,-0.043397,0.113906,-0.229327,none,,0.0,0.109077,-0.001903,0.124969,0.083745,0.380096,0.147534,0.123684,-0.243788
2026-01-10T03:30:00+00:00,terminal_alpha,normal,0.317572,-0.181201,-0.005849,-0.382043,-0.481176,-0.136219,0.238868,-0.175236,none,,0.0,0.292982,-0.179088,-0.020376,-0.375016,-0.569365,-0.421757,0.25202,-0.259639
2026-01-10T03:45:00+00:00,terminal_alpha,normal,-0.236067,0.213571,0.521372,0.147751,-0.396926,-0.295213,0.212513,0.442286,none,,0.0,-0.235388,0.206708,0.425753,0.366997,-0.342818,-0.414038,0.4127,0.315916
2026-01-10T04:00:00+00:00,terminal_alpha,congested,0.325876,0.571231,0.26437,0.185605,0.644114,0.529852,-0.552224,0.85,decrease_yard_density,yard_density,0.15,0.301252,0.520969,0.39879,0.306778,0.675368,0.783535,-0.733669,0.899231
2026-01-10T04:15:00+00:00,terminal_alpha,normal,-0.186236,0.165582,0.263834,-0.009003,-0.079124,-0.039079,-0.186487,-0.067202,none,,0.0,-0.167633,0.171185,0.256428,0.087901,-0.120042,-0.032621,-0.131586,0.06852
2026-01-10T04:30:00+00:00,terminal_alpha,normal,-0.291882,0.354133,0.023626,0.150364,-0.480921,0.398861,0.0298,-0.292012,none,,0.0,-0.297192,0.336438,0.136801,0.15638,-0.438125,0.234591,-0.136671,-0.212861
2026-01-10T04:45:00+00:00,terminal_alpha,congested,-0.182569,0.328044,0.470139,0.621357,0.44888,0.541637,-0.219252,0.799447,none,,0.0,-0.162119,0.325673,0.552888,0.683592,0.64667,0.713267,-0.487075,0.842545
2026-01-10T05:00:00+00:00,terminal_alpha,normal,0.532524,-0.247629,-0.049735,-0.450193,0.078116,-0.071687,0.238402,0.054487,none,,0.0,0.496875,-0.270022,-0.065576,-0.426735,-0.061752,-0.096124,0.188295,0.014039
2026-01-10T05:15:00+00:00,terminal_alpha,normal,-0.150886,-0.573318,-0.106428,0.258807,-0.213258,0.471892,0.147552,-0.04698,none,,0.0,-0.134134,-0.525004,0.01912,0.216791,-0.11106,0.165094,-0.115629,-0.004815
2026-01-10T05:30:00+00:00,terminal_alpha,weather_disruption,0.537777,0.257257,0.697056,0.513804,0.512746,0.732114,-0.273852,0.323614,none,,0.0,0.494736,0.252125,0.705028,0.655752,0.751197,0.799521,-0.672344,0.797023
2026-01-10T05:45:00+00:00,terminal_alpha,normal,-0.177058,0.028473,0.042549,0.038045,0.042225,0.16226,-0.072896,-0.451511,none,,0.0,-0.17106,0.040477,0.080092,0.041532,0.025999,0.169418,-0.132902,-0.339109
2026-01-10T06:00:00+00:00,terminal_alpha,normal,-0.277753,-0.079425,0.013366,-0.228739,-0.422742,-0.03659,0.423279,0.366765,none,,0.0,-0.263254,-0.110503,-0.029529,-0.213586,-0.561453,-0.290464,0.462556,0.091636
2026-01-10T06:15:00+00:00,terminal_alpha,congested,0.251553,-0.225915,0.590633,0.680122,0.426218,0.599082,-0.5391,0.556085,none,,0.0,0.236008,-0.236718,0.626646,0.73314,0.705482,0.642658,-0.751515,0.864888
2026-01-10T06:30:00+00:00,terminal_alpha,normal,-0.07558,0.119889,-0.045116,-0.083804,-0.017589,0.23198,0.064818,-0.534549,decrease_berth_occupancy,berth_occupancy,0.12,-0.069115,0.117628,0.021203,-0.085125,-0.087588,0.243638,-0.081982,-0.465972
2026-01-10T06:45:00+00:00,terminal_alpha,normal,-0.136968,-0.522773,0.253091,-0.087093,0.027897,-0.40553,0.10601,-0.246498,none,,0.0,-0.107052,-0.496734,0.143353,0.024898,-0.057796,-0.499803,0.367852,-0.364775
2026-01-10T07:00:00+00:00,terminal_alpha,normal,0.054414,-0.249056,0.095576,0.237676,-0.221072,-0.11368,0.20064,0.414645,none,,0.0,0.062325,-0.268781,0.04502,0.280704,-0.09064,-0.302237,0.228857,0.302479
2026-01-10T07:15:00+00:00,terminal_alpha,normal,-0.019542,-0.273075,0.097912,0.512476,0.327346,-0.150571,0.227196,0.285954,none,,0.0,-0.01874,-0.278853,0.052551,0.513464,0.558853,-0.052766,0.318886,0.161198
2026-01-10T07:30:00+00:00,terminal_alpha,normal,-0.001575,-0.070115,-0.352664,0.502065,0.159081,0.085164,0.114859,-0.039036,none,,0.0,0.010319,-0.071794,-0.336721,0.352813,0.428616,0.126766,0.073292,-0.188272
2026-01-10T07:45:00+00:00,terminal_alpha,congested,0.021789,0.244907,0.664989,0.85,0.449006,0.232208,-0.651907,0.382591,none,,0.0,0.024088,0.214757,0.627876,0.806701,0.73695,0.496563,-0.672566,0.769889
2026-01-10T08:00:00+00:00,terminal_alpha,normal,-0.302009,-0.005937,0.118199,0.157617,-0.347351,-0.296967,0.224301,-0.092046,none,,0.0,-0.272809,-0.014114,0.024813,0.191194,-0.309927,-0.466503,0.411385,-0.347942
2026-01-10T08:15:00+00:00,terminal_alpha,normal,0.254204,-0.099927,-0.185324,-0.12501,0.042592,0.137301,0.223064,0.051442,none,,0.0,0.250583,-0.091744,-0.140244,-0.221683,0.033662,0.143903,0.107533,-0.005137
2026-01-10T08:30:00+00:00,terminal_alpha,normal,0.167286,-0.311002,-0.12407,0.245072,0.113718,0.051791,0.197488,0.079594,none,,0.0,0.178634,-0.313244,-0.113457,0.175631,0.304934,0.021084,0.141989,-0.005701
2026-01-10T08:45:00+00:00,terminal_alpha,congested,0.108938,0.127592,0.507744,0.681623,0.85,0.707996,-0.461777,0.343063,none,,0.0,0.101438,0.139983,0.609001,0.701766,0.857393,0.830474,-0.712416,0.773301
2026-01-10T09:00:00+00:00,terminal_alpha,normal,-0.499097,0.172226,0.572101,-0.136891,0.003016,0.081581,-0.142249,0.119654,decrease_yard_density,yard_density,0.15,-0.43783,0.172947,0.539537,0.090598,-0.219945,0.114231,-0.093228,0.326375
2026-01-10T09:15:00+00:00,terminal_alpha,congested,-0.128254,0.023312,0.621579,0.650684,0.379676,0.582686,-0.265981,0.250107,none,,0.0,-0.118867,0.016582,0.655654,0.719659,0.626657,0.652362,-0.547301,0.646372
2026-01-10T09:30:00+00:00,terminal_alpha,normal,-0.423339,0.177742,0.27319,0.190078,0.028596,0.52697,0.223621,-0.13059,none,,0.0,-0.40604,0.149492,0.393248,0.306854,0.057257,0.518257,-0.0058,-0.069892
2026-01-10T09:45:00+00:00,terminal_alpha,weather_disruption,0.551929,0.452048,0.85,0.708335,0.85,0.496127,-0.226454,0.530523,none,,0.0,0.482706,0.42607,0.758162,0.769243,0.884358,0.802248,-0.583363,0.84373
2026-01-10T10:00:00+00:00,terminal_alpha,normal,0.060124,-0.608412,0.24478,0.033566,0.198754,0.130341,-0.203363,-0.430465,none,,0.0,0.021846,-0.539241,0.242103,0.14452,0.244736,0.055726,-0.26153,-0.181738
2026-01-10T10:15:00+00:00,terminal_alpha,normal,-0.130129,-0.492906,-0.054233,-0.418875,-0.175456,0.510081,-0.277259,0.074424,none,,0.0,-0.135541,-0.446942,0.077014,-0.413619,-0.416083,0.246137,-0.510543,0.32733
2026-01-10T10:30:00+00:00,terminal_alpha,congested,0.037678,0.421142,0.714105,0.595783,0.301186,0.504269,-0.231377,0.176148,none,,0.0,0.024961,0.397537,0.695091,0.717964,0.57653,0.660339,-0.50686,0.627421
2026-01-10T10:45:00+00:00,terminal_alpha,weather_disruption,0.670533,0.476153,0.228767,0.26734,0.85,0.82259,-0.271088,0.85,none,,0.0,0.583666,0.46219,0.426713,0.357143,0.821426,0.888479,-0.717528,0.909458
2026-01-10T11:00:00+00:00,terminal_alpha,congested,0.222397,-0.465152,0.429106,0.557622,0.138365,0.768821,-0.197566,0.620394,none,,0.0,0.206202,-0.398601,0.563816,0.627318,0.482393,0.605872,-0.606166,0.837134
2026-01-10T11:15:00+00:00,terminal_alpha,congested,-0.257665,0.053511,0.603706,0.813534,0.401785,0.569587,-0.107935,0.85,none,,0.0,-0.233119,0.054873,0.660543,0.788676,0.661105,0.662577,-0.37592,0.8507
2026-01-10T11:30:00+00:00,terminal_alpha,congested,0.086092,0.167157,0.119654,0.805038,0.426984,0.325491,-0.587222,0.553722,decrease_berth_occupancy,berth_occupancy,0.12,0.083442,0.163841,0.235709,0.699828,0.704345,0.544296,-0.673516,0.770348
2026-01-10T11:45:00+00:00,terminal_alpha,weather_disruption,0.694171,0.222115,0.709848,0.416277,0.85,0.64885,-0.831757,0.631889,none,,0.0,0.597772,0.209008,0.70847,0.616341,0.847829,0.818404,-0.880429,0.934005
2026-01-10T12:00:00+00:00,terminal_alpha,congested,0.29976,0.305949,0.464473,0.664678,0.251182,0.392234,-0.100061,0.268663,none,,0.0,0.315364,0.297602,0.515666,0.685455,0.612175,0.549902,-0.376679,0.598555
2026-01-10T12:15:00+00:00,terminal_alpha,normal,0.095308,-0.306967,0.195851,-0.181661,-0.241596,0.0353,0.199687,0.371417,none,,0.0,0.052512,-0.318422,0.221196,-0.099195,-0.300396,-0.195929,0.170959,0.369427
2026-01-10T12:30:00+00:00,terminal_alpha,weather_disruption,0.348097,0.222886,0.622465,0.496592,0.780823,0.459148,-0.500229,0.623311,none,,0.0,0.333763,0.210306,0.631111,0.642101,0.814732,0.750847,-0.683889,0.866993
2026-01-10T12:45:00+00:00,terminal_alpha,weather_disruption,0.85,0.026532,0.536714,0.525836,0.616496,0.803399,-0.85,0.365746,none,,0.0,0.683419,0.041785,0.64217,0.626408,0.804038,0.819704,-0.905491,0.900429
2026-01-10T13:00:00+00:00,terminal_alpha,normal,-0.337362,-0.179322,0.184191,-0.014423,-0.142093,-0.229083,-0.10111,0.052338,none,,0.0,-0.340121,-0.211333,0.161756,0.05661,-0.228504,-0.331032,0.091978,-0.000542
2026-01-10T13:15:00+00:00,terminal_alpha,weather_disruption,0.510817,0.592543,0.672971,0.273469,0.425966,0.120864,-0.733417,0.810376,none,,0.0,0.459942,0.53859,0.615377,0.498427,0.618035,0.486207,-0.706886,0.916383
2026-01-10T13:30:00+00:00,terminal_alpha,normal,-0.224961,-0.127976,-0.062874,0.143499,0.149548,0.190041,0.223358,-0.007588,none,,0.0,-0.235711,-0.118073,-0.015505,0.102457,0.169538,0.232721,0.159268,-0.119127
2026-01-10T13:45:00+00:00,terminal_alpha,congested,-0.068503,0.295217,0.425758,0.782964,0.47394,0.45116,-0.355644,0.078429,none,,0.0,-0.032669,0.291066,0.509686,0.736827,0.726068,0.664893,-0.552219,0.529051
2026-01-10T14:00:00+00:00,terminal_alpha,congested,0.220113,0.1391,0.357478,0.7,0.476973,0.361071,-0.11675,0.284434,decrease_yard_density,yard_density,0.15,0.221123,0.141282,0.435252,0.703654,0.733632,0.592481,-0.37416,0.561504
2026-01-10T14:15:00+00:00,terminal_alpha,normal,-0.011957,-0.278522,0.322661,0.167026,0.477516,-0.028176,0.297212,0.160855,none,,0.0,-0.014139,-0.252515,0.306924,0.285235,0.517683,0.122652,0.313701,0.131961
2026-01-10T14:30:00+00:00,terminal_alpha,normal,-0.081996,0.228065,0.027707,0.069866,0.141358,-0.085961,-0.314049,0.152266,none,,0.0,-0.09607,0.245502,-0.018489,0.057755,0.154561,0.045141,-0.252725,0.257728
2026-01-10T14:45:00+00:00,terminal_alpha,congested,-0.214016,0.454585,0.738715,0.739716,0.267469,0.301717,-0.083999,0.432634,none,,0.0,-0.198697,0.408819,0.684015,0.776177,0.575443,0.528892,-0.256102,0.67325
2026-01-10T15:00:00+00:00,terminal_alpha,congested,0.082362,0.034996,0.526441,0.524902,0.325071,0.806153,-0.250957,0.747975,none,,0.0,0.071868,0.029235,0.640855,0.642882,0.565837,0.746703,-0.658843,0.873033
2026-01-10T15:15:00+00:00,terminal_alpha,normal,-0.618778,-0.213746,0.337983,0.119611,0.368117,0.007578,0.090537,0.162884,none,,0.0,-0.547106,-0.207411,0.342064,0.253405,0.278576,0.169266,0.198795,0.118394
2026-01-10T15:30:00+00:00,terminal_alpha,congested,0.339425,0.195726,0.255696,0.781454,0.6466,0.135,-0.468439,0.760689,none,,0.0,0.345211,0.198095,0.278461,0.705832,0.822949,0.48853,-0.549079,0.838012
2026-01-10T15:45:00+00:00,terminal_alpha,normal,-0.16715,-0.275936,-0.127845,0.019461,-0.035576,-0.280611,-0.036333,-0.055668,none,,0.0,-0.156808,-0.285111,-0.192553,-0.036599,-0.04549,-0.351785,0.171027,-0.212501
2026-01-10T16:00:00+00:00,terminal_alpha,normal,0.3081,0.118878,-0.180676,0.21668,-0.127708,0.384834,-0.246609,0.045767,none,,0.0,0.288329,0.12463,-0.089276,0.160402,0.064318,0.342653,-0.47402,0.32256
2026-01-10T16:15:00+00:00,terminal_alpha,normal,-0.138341,-0.158358,0.291479,0.45246,0.229576,-0.069916,0.005076,0.498306,none,,0.0,-0.164248,-0.176739,0.282894,0.517242,0.426847,0.018426,0.051349,0.509728
2026-01-10T16:30:00+00:00,terminal_alpha,normal,-0.234111,-0.229743,-0.229967,0.459001,0.318021,-0.243023,0.171663,0.394788,decrease_berth_occupancy,berth_occupancy,0.12,-0.236508,-0.249232,-0.289514,0.333897,0.469338,-0.130761,0.348952,0.065022
2026-01-10T16:45:00+00:00,terminal_alpha,normal,-0.398232,-0.137779,-0.09553,0.28129,0.125838,0.168431,-0.015325,0.255892,none,,0.0,-0.35648,-0.117997,-0.029303,0.231119,0.193116,0.214752,-0.055031,0.193996
2026-01-10T17:00:00+00:00,terminal_alpha,normal,0.119611,0.45537,-0.024235,0.168178,0.281513,0.155989,0.144835,0.264028,none,,0.0,0.120025,0.420197,-0.00088,0.153713,0.372546,0.42366,0.03169,0.275504
2026-01-10T17:15:00+00:00,terminal_alpha,normal,-0.0401,0.28108,0.425827,-0.055253,-0.078146,-0.036404,0.176184,0.014946,none,,0.0,-0.030089,0.271196,0.377806,0.135641,-0.138071,-0.001725,0.198111,0.072667
2026-01-10T17:30:00+00:00,terminal_alpha,normal,-0.264136,0.081358,0.046212,-0.135537,-0.051808,0.263288,-0.207041,-0.00543,none,,0.0,-0.265312,0.068362,0.122457,-0.099099,-0.179499,0.251633,-0.322282,0.170631
2026-01-10T17:45:00+00:00,terminal_alpha,normal,0.105229,-0.124376,0.241218,-0.024497,0.625074,-0.152133,0.194915,-0.242428,none,,0.0,0.117735,-0.114872,0.181198,0.082311,0.556807,0.143863,0.277761,-0.289671
2026-01-10T18:00:00+00:00,terminal_alpha,normal,-0.092994,0.04856,-0.066256,0.136673,0.318163,0.037346,-0.172026,0.132572,none,,0.0,-0.100818,0.046374,-0.060466,0.10064,0.358136,0.21761,-0.166816,0.17927
2026-01-10T18:15:00+00:00,terminal_alpha,congested,0.031699,0.262157,0.673816,0.812202,0.799435,0.378303,-0.708783,0.85,none,,0.0,0.041811,0.23892,0.652123,0.794551,0.861117,0.71345,-0.731934,0.921501
2026-01-10T18:30:00+00:00,terminal_alpha,congested,0.119187,0.487959,0.697724,0.37101,0.85,0.569718,-0.668282,0.759428,none,,0.0,0.106779,0.433364,0.692003,0.571784,0.808168,0.829933,-0.77938,0.916504
2026-01-10T18:45:00+00:00,terminal_alpha,weather_disruption,0.85,0.325255,0.708598,0.089753,0.474642,0.204263,-0.699011,0.595722,none,,0.0,0.712064,0.328117,0.643344,0.391278,0.630474,0.519599,-0.749717,0.904025
2026-01-10T19:00:00+00:00,terminal_alpha,normal,-0.265338,-0.129516,0.132824,-0.356151,-0.45854,0.203712,0.311681,-0.156377,decrease_yard_density,yard_density,0.15,-0.264151,-0.158453,0.173715,-0.299,-0.622761,-0.09638,0.233684,-0.242373
2026-01-10T19:15:00+00:00,terminal_alpha,normal,-0.129081,-0.473228,-0.088868,0.245707,-0.220581,-0.105363,-0.012238,-0.013472,none,,0.0,-0.130049,-0.456419,-0.105553,0.220917,-0.112755,-0.350207,0.075943,-0.095523
2026-01-10T19:30:00+00:00,terminal_alpha,congested,0.558072,0.376634,0.417237,0.310381,0.741291,0.398574,-0.686102,0.755166,none,,0.0,0.491037,0.3536,0.471348,0.450022,0.785758,0.723951,-0.780358,0.909201
2026-01-10T19:45:00+00:00,terminal_alpha,normal,0.112128,-0.064479,-0.311143,0.194733,0.095972,0.003152,-0.079423,-0.050438,none,,0.0,0.126904,-0.058106,-0.3061,0.045852,0.24561,0.021147,-0.085443,-0.095596
2026-01-10T20:00:00+00:00,terminal_alpha,congested,0.267733,0.116489,0.452268,0.784506,0.363237,0.025564,-0.185678,0.539408,none,,0.0,0.24741,0.099323,0.412928,0.749792,0.709928,0.274964,-0.230691,0.713487
2026-01-10T20:15:00+00:00,terminal_alpha,normal,-0.020344,0.139364,-0.062123,0.063566,0.103696,0.041808,-0.434096,0.088303,none,,0.0,-0.046775,0.130582,-0.045048,0.028621,0.151594,0.135337,-0.414211,0.293743
2026-01-10T20:30:00+00:00,terminal_alpha,congested,-0.01128,0.496871,0.629326,0.85,0.763675,0.641774,-0.021219,0.226913,none,,0.0,-0.016899,0.447451,0.671178,0.805473,0.844209,0.839264,-0.389511,0.599886
2026-01-10T20:45:00+00:00,terminal_alpha,normal,-0.309559,-0.086571,0.356473,0.384224,0.291272,0.054481,0.24745,0.521809,none,,0.0,-0.290236,-0.099036,0.361816,0.499575,0.401805,0.205747,0.270144,0.421937
2026-01-10T21:00:00+00:00,terminal_alpha,normal,-0.29741,0.035459,0.710944,0.020986,0.25356,-0.406167,-0.064115,0.136671,none,,0.0,-0.280207,0.038599,0.535103,0.307021,0.200655,-0.214438,0.247968,0.207059
2026-01-10T21:15:00+00:00,terminal_alpha,congested,-0.240909,0.06736,0.85,0.223327,0.763013,0.520817,-0.37288,0.85,none,,0.0,-0.241773,0.059036,0.763788,0.53427,0.691289,0.750421,-0.576311,0.899349
2026-01-10T21:30:00+00:00,terminal_alpha,congested,0.143819,0.059429,0.1299,0.600584,0.556902,0.672051,-0.218676,0.843529,decrease_berth_occupancy,berth_occupancy,0.12,0.14852,0.065567,0.304066,0.576761,0.733541,0.740286,-0.580267,0.858348
2026-01-10T21:45:00+00:00,terminal_alpha,congested,-0.003054,0.073014,0.85,0.546928,0.428827,0.397641,-0.432373,0.495594,none,,0.0,0.02104,0.078888,0.735537,0.722423,0.635725,0.577699,-0.56916,0.813009
2026-01-10T22:00:00+00:00,terminal_alpha,congested,0.106228,-0.072561,0.392598,0.435286,0.590954,0.286955,-0.193236,0.38184,none,,0.0,0.100734,-0.104881,0.442667,0.532023,0.692047,0.544182,-0.384085,0.62533
2026-01-10T22:15:00+00:00,terminal_alpha,normal,-0.394948,-0.147282,-0.521187,-0.403491,0.012073,-0.095142,0.325764,-0.17223,none,,0.0,-0.365724,-0.12304,-0.494395,-0.538204,-0.303808,-0.141907,0.418616,-0.548927
2026-01-10T22:30:00+00:00,terminal_alpha,normal,0.045491,0.103553,0.334861,0.180536,0.061683,0.363983,0.337047,0.229613,none,,0.0,0.046547,0.106036,0.406787,0.310487,0.165413,0.442388,0.109937,0.277906
2026-01-10T22:45:00+00:00,terminal_alpha,weather_disruption,0.46648,0.044323,0.133543,0.623229,-0.032532,0.453173,-0.85,0.600429,none,,0.0,0.465577,0.055115,0.259998,0.592694,0.415203,0.413145,-0.844247,0.879478
2026-01-10T23:00:00+00:00,terminal_alpha,congested,0.194922,-0.030254,0.719833,0.774041,0.341229,0.090659,-0.346399,0.515967,none,,0.0,0.182748,-0.038898,0.637791,0.783504,0.680083,0.284469,-0.401507,0.769484
2026-01-10T23:15:00+00:00,terminal_alpha,weather_disruption,0.85,0.414366,0.226661,0.304374,0.550961,0.442718,-0.514442,0.756645,none,,0.0,0.683553,0.377136,0.338266,0.38139,0.73049,0.716321,-0.745651,0.899854
2026-01-10T23:30:00+00:00,terminal_alpha,normal,-0.006524,-0.01264,0.452543,-0.019935,-0.190249,0.267537,0.129253,0.479834,none,,0.0,-0.00131,-0.015358,0.475637,0.169768,-0.176625,0.1507,-0.04332,0.572372
2026-01-10T23:45:00+00:00,terminal_alpha,congested,-0.132131,-0.151301,0.690448,0.823832,0.362543,0.506582,-0.14886,0.489286,none,,0.0,-0.132346,-0.158166,0.68265,0.805541,0.662959,0.589002,-0.389299,0.731901
2026-01-11T00:00:00+00:00,terminal_alpha,normal,0.00996,-0.132659,0.096873,0.088864,-0.386744,-0.032403,0.180989,0.110008,decrease_yard_density,yard_density,0.15,-0.01924,-0.13498,0.089923,0.141519,-0.343933,-0.288722,0.233481,0.068965
2026-01-11T00:15:00+00:00,terminal_alpha,normal,0.139657,-0.167408,0.385873,-0.130835,-0.063843,0.189108,-0.046418,-0.204111,none,,0.0,0.127708,-0.172998,0.405562,0.036194,-0.100304,0.096858,-0.176195,0.030742
2026-01-11T00:30:00+00:00,terminal_alpha,normal,0.144766,-0.048073,0.162909,-0.318151,0.005553,0.028631,0.252184,0.523339,none,,0.0,0.125185,-0.060152,0.165373,-0.257594,-0.134443,0.008341,0.215224,0.44
2026-01-11T00:45:00+00:00,terminal_alpha,congested,0.427399,0.458076,0.643425,0.631939,0.411455,0.596906,-0.375421,0.465966,none,,0.0,0.408342,0.42833,0.680486,0.713923,0.700292,0.747304,-0.68118,0.833641
2026-01-11T01:00:00+00:00,terminal_alpha,congested,0.199962,0.153776,0.442296,0.777251,0.058323,0.503989,-0.40194,0.713042,none,,0.0,0.194623,0.172282,0.52887,0.737208,0.507363,0.515789,-0.6259,0.860234
2026-01-11T01:15:00+00:00,terminal_alpha,weather_disruption,0.85,0.3774,0.550923,0.112662,0.85,0.535587,-0.119254,0.41798,none,,0.0,0.685168,0.341414,0.619431,0.340969,0.810119,0.799128,-0.516562,0.782517
2026-01-11T01:30:00+00:00,terminal_alpha,normal,-0.176858,-0.281791,0.260858,0.06791,0.495471,-0.246654,0.207053,0.147263,none,,0.0,-0.16497,-0.265879,0.189613,0.188628,0.46977,-0.069235,0.390551,-0.002213
2026-01-11T01:45:00+00:00,terminal_alpha,congested,0.002216,-0.265035,0.574739,0.348114,0.581435,0.491615,-0.429662,0.572944,none,,0.0,0.035819,-0.260677,0.61855,0.534179,0.646492,0.619293,-0.646907,0.832099
2026-01-11T02:00:00+00:00,terminal_alpha,congested,0.347363,0.455147,0.529142,0.828505,0.62647,0.770274,-0.676211,0.364863,none,,0.0,0.32048,0.424841,0.634247,0.77911,0.833685,0.84726,-0.842177,0.852978
2026-01-11T02:15:00+00:00,terminal_alpha,normal,0.110609,-0.104832,-0.1568,0.100094,-0.328463,0.147282,0.551653,0.027224,none,,0.0,0.113453,-0.116944,-0.082882,0.036844,-0.230828,-0.073947,0.421466,-0.240726
2026-01-11T02:30:00+00:00,terminal_alpha,normal,-0.336091,0.102145,0.164136,-0.181078,-0.125763,0.184248,0.270978,-0.253823,decrease_berth_occupancy,berth_occupancy,0.12,-0.316366,0.081358,0.2498,-0.116108,-0.298649,0.167373,0.196335,-0.339506
2026-01-11T02:45:00+00:00,terminal_alpha,congested,0.181187,-0.173042,0.572801,0.739579,0.25021,0.720392,-0.426056,0.374211,none,,0.0,0.182633,-0.18112,0.628796,0.759964,0.616903,0.666007,-0.721295,0.793214
2026-01-11T03:00:00+00:00,terminal_alpha,normal,0.041613,-0.31617,0.197661,0.196274,-0.188314,0.21117,-0.062373,0.346024,none,,0.0,0.039281,-0.3105,0.245912,0.270365,-0.06922,-0.007195,-0.168133,0.487115
2026-01-11T03:15:00+00:00,terminal_alpha,normal,-0.469219,-0.409676,-0.04902,0.28957,-0.153809,0.165453,0.087991,0.477798,none,,0.0,-0.428766,-0.39504,-0.002154,0.236922,-0.084191,-0.045361,0.046569,0.352826
2026-01-11T03:30:00+00:00,terminal_alpha,congested,0.00178,0.187153,0.611737,0.434785,0.534518,0.621901,-0.376383,0.825591,none,,0.0,0.010685,0.189991,0.663569,0.625638,0.668238,0.748447,-0.656247,0.899964
2026-01-11T03:45:00+00:00,terminal_alpha,congested,0.245068,0.391445,0.090271,0.592232,0.286412,0.278117,0.055299,0.377379,none,,0.0,0.250637,0.375786,0.165734,0.555627,0.591163,0.488805,-0.174515,0.497562
2026-01-11T04:00:00+00:00,terminal_alpha,weather_disruption,0.588598,0.25441,0.392625,0.371506,0.531141,0.558937,-0.244443,0.85,none,,0.0,0.517072,0.256213,0.51811,0.486738,0.695911,0.725469,-0.612991,0.893622
2026-01-11T04:15:00+00:00,terminal_alpha,normal,-0.338158,-0.16393,-0.064733,-0.092876,0.276499,-0.15846,-0.02115,-0.287742,none,,0.0,-0.346009,-0.172128,-0.114883,-0.12397,0.13665,-0.058452,0.13662,-0.407812
2026-01-11T04:30:00+00:00,terminal_alpha,normal,-0.218821,-0.22402,0.416953,-0.05319,-0.144701,-0.105631,0.384092,-0.240306,none,,0.0,-0.19252,-0.208492,0.338152,0.13896,-0.219511,-0.26171,0.44886,-0.372463
2026-01-11T04:45:00+00:00,terminal_alpha,normal,-0.085598,0.093252,0.112824,-0.279359,-0.001252,-0.134156,0.076546,-0.001525,none,,0.0,-0.075999,0.088296,0.064508,-0.219574,-0.191055,-0.14004,0.166382,-0.064818
2026-01-11T05:00:00+00:00,terminal_alpha,congested,0.398726,0.502572,0.712858,0.309089,0.193449,0.387023,-0.611897,0.159427,decrease_yard_density,yard_density,0.15,0.380491,0.464203,0.667334,0.528886,0.42664,0.579373,-0.735035,0.733684
2026-01-11T05:15:00+00:00,terminal_alpha,normal,-0.423207,-0.169807,-0.014161,-0.208552,-0.007714,0.013677,0.108106,-0.166408,none,,0.0,-0.411328,-0.164486,-0.007402,-0.208908,-0.222243,-0.050158,0.162972,-0.303586
2026-01-11T05:30:00+00:00,terminal_alpha,congested,0.164413,0.666431,0.387839,0.550735,0.303843,0.739964,-0.381637,0.644278,none,,0.0,0.164741,0.580466,0.547772,0.620396,0.572952,0.805367,-0.690476,0.849796
2026-01-11T05:45:00+00:00,terminal_alpha,congested,0.187868,-0.046283,0.299393,0.485873,0.461082,0.324602,-0.211642,0.593096,none,,0.0,0.180312,-0.042982,0.362626,0.541734,0.667973,0.530939,-0.424092,0.751692
2026-01-11T06:00:00+00:00,terminal_alpha,congested,0.278068,0.494287,0.576535,0.786803,0.480549,0.416463,-0.484957,0.507477,none,,0.0,0.263871,0.46858,0.594225,0.777025,0.757319,0.680294,-0.651581,0.824643
2026-01-11T06:15:00+00:00,terminal_alpha,weather_disruption,0.629716,0.379405,0.446515,0.522652,0.799705,0.542011,-0.363113,0.85,none,,0.0,0.548771,0.362316,0.532323,0.585749,0.8481,0.803369,-0.679625,0.90506
2026-01-11T06:30:00+00:00,terminal_alpha,normal,0.10938,-0.09737,0.354951,0.258393,0.183891,0.050532,-0.155532,0.158366,none,,0.0,0.10102,-0.090011,0.350279,0.382289,0.35535,0.135036,-0.205008,0.366169
2026-01-11T06:45:00+00:00,terminal_alpha,normal,-0.244116,0.099037,-0.074185,-0.135156,-0.162602,-0.065484,-0.176357,-0.447781,none,,0.0,-0.266482,0.093516,-0.095906,-0.161564,-0.263272,-0.121792,-0.088608,-0.448663
2026-01-11T07:00:00+00:00,terminal_alpha,normal,-0.484593,0.05782,0.158269,0.110364,-0.045591,-0.141246,0.065947,0.312141,none,,0.0,-0.451823,0.083364,0.115739,0.17071,-0.091595,-0.129589,0.221745,0.184776
2026-01-11T07:15:00+00:00,terminal_alpha,normal,-0.32654,-0.226151,0.244396,0.019184,0.132569,-0.025247,0.264629,-0.016059,none,,0.0,-0.308888,-0.230011,0.226103,0.114324,0.067028,-0.03062,0.321811,-0.165314
2026-01-11T07:30:00+00:00,terminal_alpha,normal,-0.125207,-0.271186,-0.234115,-0.13418,0.132183,-0.096591,-0.255995,-0.020086,decrease_berth_occupancy,berth_occupancy,0.12,-0.10882,-0.239903,-0.260511,-0.228201,0.024388,-0.084073,-0.184332,-0.028418
2026-01-11T07:45:00+00:00,terminal_alpha,congested,-0.13965,-0.243404,0.15579,0.490594,0.377249,0.105181,-0.211064,0.577685,none,,0.0,-0.121778,-0.240695,0.169259,0.507238,0.553737,0.229315,-0.239738,0.643919
2026-01-11T08:00:00+00:00,terminal_alpha,congested,-0.167112,0.213121,0.720596,0.85,0.272813,0.548372,-0.680615,0.85,none,,0.0,-0.188344,0.193857,0.700926,0.824112,0.608457,0.634586,-0.756184,0.922388
2026-01-11T08:15:00+00:00,terminal_alpha,normal,0.064748,0.271069,0.453279,0.149706,0.355524,-0.107648,-0.040914,0.463075,none,,0.0,0.075592,0.276246,0.419173,0.328173,0.428339,0.185615,0.02705,0.552654
2026-01-11T08:30:00+00:00,terminal_alpha,congested,-0.131964,0.2438,0.513464,0.757559,0.49698,0.374545,-0.339775,0.647272,none,,0.0,-0.133509,0.249228,0.52715,0.754948,0.723987,0.61608,-0.515879,0.806701
2026-01-11T08:45:00+00:00,terminal_alpha,normal,0.196751,0.498566,0.153899,0.166745,0.050489,-0.193906,0.152956,-0.227238,none,,0.0,0.170376,0.474635,0.114088,0.210353,0.184847,-0.02312,0.211725,-0.267112
2026-01-11T09:00:00+00:00,terminal_alpha,weather_disruption,0.370875,0.476346,0.301927,0.613433,0.354562,0.368182,-0.134977,0.494723,none,,0.0,0.354171,0.412199,0.396737,0.637276,0.670705,0.609905,-0.370283,0.712344
2026-01-11T09:15:00+00:00,terminal_alpha,congested,0.182472,0.303886,0.14486,0.574652,-0.268996,0.564144,-0.599073,0.763913,none,,0.0,0.177584,0.32119,0.307697,0.556465,0.125958,0.452216,-0.760769,0.877291
2026-01-11T09:30:00+00:00,terminal_alpha,normal,-0.477276,0.011976,0.067327,0.249528,0.31609,0.104417,0.119983,-0.014709,none,,0.0,-0.459122,0.006382,0.105291,0.26367,0.343052,0.265212,0.124591,-0.12566
2026-01-11T09:45:00+00:00,terminal_alpha,normal,-0.080379,-0.035938,0.303642,0.366169,0.443309,-0.27704,0.368986,0.456063,none,,0.0,-0.070981,-0.028439,0.198103,0.451487,0.537635,-0.024589,0.507734,0.255749
